,Cd_1,Cd_2,Cd_3,Cd_4,Cd_5,Cd_6,Cd_7,Cd_8,Cd_9,Cd_10,Result
1,10002447.0,63.4,33.0,46.2,10737.099999999999,6.069522637958603,44.3,36.1,0.037123972090679726,65.0,Y
2,1428768.0,54.7,31.1,50.5,15064.0,27.98196089468155,39.4,56.8,0.005302856726564638,78.8,N
3,1315450.5000000002,65.5,53.5,52.3,4070.0,16.128381050926844,94.9,64.7,0.004882280070933711,67.9,N
4,1591740.0,75.6,37.9,50.5,22490.0,0.38687176002447915,82.3,77.3,0.00590772551312879,60.9,Y
5,2727404.3999999994,51.8,36.4,40.9,28460.7,15.509855099604984,65.1,36.2,0.010122731450173847,74.9,Y
6,2829754.4,83.1,64.1,62.5,5502.2,6.248621715979111,74.7,71.7,0.01050260235011274,80.7,N
7,3034432.8,68.3,62.4,17.5,16489.2,0.106617321940217,53.2,42.3,0.011262263981827956,58.7,N
8,6772511.999999999,59.4,52.0,14.9,18818.8,2.210636922864282,66.9,75.2,0.025136103842569067,75.3,N
9,4048176.0,79.8,45.5,20.6,540.0,2.546217507077511,51.4,73.5,0.015024760725266473,64.7,N
10,1142256.0,28.1,51.8,57.6,16559.7,10.921123700176521,70.3,33.4,0.004239470587988265,51.8,Y
11,9861523.2,72.6,35.9,40.2,5032.0,2.0352418512281143,45.4,33.6,0.036600934956055306,76.1,Y
12,2000342.4,77.2,52.1,38.5,2718.7000000000003,18.56458581109342,53.8,69.3,0.00742424882925181,75.2,N
13,1627382.4000000001,68.4,58.0,24.3,5639.599999999999,15.61152336903218,77.9,61.3,0.006040011888937115,72.6,N
14,2871936.0,71.9,32.7,55.4,4693.400000000001,3.6372306787041,59.4,29.6,0.01065915889484027,59.1,Y
15,5142528.0,51.1,40.5,59.5,2167.2000000000003,2.3226744864862034,69.7,91.9,0.019086436143829506,75.3,N
16,615889.4,57.0,34.8,28.5,6091.2,0.14448370012374362,70.8,69.9,0.0022858667380637435,85.7,Y
17,375065.6,75.2,57.9,41.3,28831.5,0.38925434975790635,34.4,87.4,0.0013920518515693255,65.9,N
18,5755301.199999999,66.9,77.3,20.6,10653.6,16.4223226357918,59.5,68.6,0.021360737139847426,78.7,N
19,1189339.2,69.6,53.6,40.9,26069.100000000002,2.2499532608466746,42.5,40.7,0.004414219367235973,87.3,N
20,2338824.0,76.0,47.8,37.4,28800.0,27.450731088620362,64.5,93.0,0.008680519566963156,58.0,N
21,4501078.399999999,90.6,53.5,53.5,23053.3,3.8135365207359544,52.4,71.8,0.01670570300443095,63.0,N
22,3134224.0,73.0,62.3,48.9,8716.199999999999,3.830549354236775,55.6,97.6,0.011632637923693932,63.3,N
23,2665958.3999999994,32.9,51.3,29.6,19202.399999999998,0.32733353011297484,67.5,75.7,0.009894675296606236,78.6,N
24,3125304.0,50.4,9.9,64.7,13106.8,30.99283644124142,51.2,57.4,0.011599531441745177,64.9,Y
25,15903636.0,74.4,37.6,22.5,29674.5,0.2207644769469495,62.5,63.4,0.05902617019658583,72.8,N
26,6776112.0,71.9,64.7,69.2,22900.0,5.211180323741848,64.3,57.6,0.025149465202996827,84.0,N
27,10027472.0,46.9,48.4,55.4,8640.0,4.5269030800692835,53.0,48.5,0.03721685210309761,75.4,Y
28,3277785.0,51.0,30.6,41.0,21146.399999999998,0.008609224278091658,31.2,39.1,0.012165462997129468,81.4,Y
29,3619047.6,56.8,38.1,29.3,2101.7999999999997,8.07275288652035,56.7,60.9,0.013432055385771245,61.6,N
30,8671185.600000001,65.1,44.5,58.8,5416.6,0.3665661322912147,37.1,28.5,0.03218301003819406,74.3,Y
31,8148527.999999999,61.1,27.3,58.8,7696.0,2.8243475853627165,75.0,50.6,0.03024317210099911,83.2,Y
32,2273238.0,32.5,22.6,38.3,3457.2000000000003,2.6616897557119095,45.4,47.1,0.00843709784890363,39.1,Y
33,42218295.199999996,30.0,35.2,47.2,6450.500000000001,1.010321168486315,67.2,38.1,0.1566927385589624,50.6,Y
34,4522833.0,74.5,60.1,44.5,10011.3,23.373725561032526,42.8,65.0,0.01678644496319803,80.4,Y
35,6040656.0,54.7,29.0,34.9,18837.0,0.9644323564670017,50.7,47.1,0.022419828343344092,71.8,Y
36,6075814.0,57.5,69.8,45.1,16457.3,0.39450928654343986,46.9,63.5,0.022550316873877083,83.6,N
37,219617.99999999997,59.2,44.5,41.5,10781.9,15.163640149354745,57.6,68.5,0.0008151097928947686,78.8,N
38,1848112.0,78.7,46.2,31.5,3722.7999999999997,31.89521719602445,54.2,39.2,0.006859247373012852,68.8,Y
39,7182000.0,46.8,59.4,29.0,25660.999999999996,4.4272278566589875,60.7,41.7,0.02665591405335732,60.3,Y
40,9016610.4,59.5,51.8,34.5,8257.0,1.0867234711264357,64.4,74.5,0.0334650503863837,62.7,N
41,6559696.0,31.1,32.2,29.9,6668.1,6.009057205128472,56.4,41.9,0.024346239597904742,65.6,Y
42,9419777.799999999,87.6,53.2,67.2,15631.0,5.709832873366516,49.6,54.7,0.03496140175974983,87.6,N
43,4054893.0,50.8,44.9,31.9,18517.9,1.1654032606210516,64.3,51.6,0.015049690796931244,91.6,Y
44,3495240.0,46.9,49.1,53.3,4774.0,1.5150337168653019,86.1,84.6,0.012972544839300562,67.3,N
45,12878712.0,55.8,81.3,51.2,5605.599999999999,4.320034832657729,63.5,87.7,0.04779919802143435,73.4,N
46,4378542.0,55.0,51.3,21.9,5120.0,14.116876035302269,44.2,59.7,0.016250910502786865,67.3,N
47,4346784.000000001,67.7,68.3,41.7,11583.9,7.625688270227846,57.5,71.9,0.016133041034880086,93.8,N
48,8244518.0,71.1,56.5,52.3,1957.5,13.056017883347376,81.7,56.2,0.030599437930848978,63.7,Y
49,222784.0,76.7,54.6,41.2,13523.7,15.44916759560006,67.3,79.6,0.0008268603670931712,84.7,N
50,10518271.200000001,37.3,11.3,45.9,1771.9,0.4879089418614509,61.1,55.7,0.039038447938889394,54.1,Y
51,3078432.0,68.3,62.3,53.2,3312.4,10.63119772325783,41.5,95.7,0.011425566528975894,64.8,N
52,20671200.0,49.1,35.6,40.8,13837.599999999999,31.420189736991798,42.8,31.6,0.07672093157612919,70.6,Y
53,16547565.299999999,59.2,30.8,24.6,1786.4,30.379020276064946,63.3,46.6,0.06141610671527682,61.8,Y
54,485452.0,62.4,31.1,41.0,9184.5,0.2372170631810522,37.7,43.5,0.0018017497617697602,68.4,Y
55,321926.39999999997,48.1,33.9,45.5,17665.6,9.864912404930372,65.3,39.1,0.0011948262948909398,69.0,Y
56,2357040.0,52.1,69.2,58.9,15568.5,1.4627070373423228,46.3,100.0,0.00874812805072756,77.4,N
57,1628467.2000000002,68.2,21.9,32.7,6305.599999999999,0.015418865255264879,58.0,84.1,0.006044038112212677,61.0,N
58,12348480.0,67.7,68.9,26.8,4804.3,1.0971008105637743,44.4,63.2,0.04583124778189945,76.4,Y
59,11892480.0,63.2,33.6,42.3,21168.0,4.0445331002393825,47.7,57.6,0.044138808794384685,80.6,Y
60,1556755.2000000002,33.6,47.1,53.8,11139.699999999999,11.867968133364792,57.6,43.9,0.005777879812491936,82.9,Y
61,1044576.0,53.5,61.6,32.8,4421.7,8.172189162814748,89.0,71.3,0.003876932341715369,69.0,N
62,9141532.4,64.1,66.8,34.8,3775.2,1.232816880868747,54.6,69.2,0.03392869701620458,72.6,N
63,1523404.7999999998,39.0,44.6,49.8,3813.0,4.4924528661944265,85.0,84.3,0.0056541001694892755,77.2,N
64,155937.59999999998,71.0,58.8,56.8,19368.2,33.940554297017954,68.4,83.0,0.0005787606882883337,79.7,N
65,10741500.0,72.7,48.6,27.9,4076.8,2.216128104914892,48.3,47.1,0.03986695917629319,78.4,Y
66,153887.99999999997,62.0,31.2,30.8,11684.4,29.580914970030204,59.8,49.0,0.0005711536204181356,85.4,Y
67,6476800.0,63.2,41.4,33.1,6727.0,20.994090562976808,61.7,55.3,0.024038572005121796,54.1,Y
68,7234650.0,58.6,60.6,40.0,20264.0,6.221706845121088,57.8,83.9,0.02685132394961313,89.2,N
69,14813996.4,49.4,67.3,35.2,6670.0,21.2367887654604,48.9,41.0,0.05498198479882272,60.8,Y
70,7654732.800000002,61.5,45.6,30.7,23763.6,8.238133149813684,34.8,68.2,0.028410456644140252,81.6,N
71,5051289.6,55.9,43.2,23.8,12800.0,3.7636963303098097,45.7,83.3,0.01874780582514866,49.5,N
72,1512000.0,83.0,55.2,25.9,462.8,5.232220206799726,64.0,50.7,0.005611771379654172,68.7,N
73,1017305.6,33.1,67.7,34.2,2592.0,3.44222231997247,42.0,57.4,0.0037757185518795732,70.5,Y
74,4546269.000000001,84.1,45.9,44.2,8589.5,4.251767768372004,36.1,73.3,0.01687342741958267,65.0,N
75,2607134.4,70.8,44.4,41.4,7027.200000000001,1.0551235316841534,30.0,59.1,0.009676350667216836,56.9,Y
76,3884812.8,76.1,54.0,28.0,8600.800000000001,5.506777894793736,69.2,76.5,0.014418440004202508,75.1,N
77,3964944.0,74.7,69.8,57.4,18273.6,0.003202514922590692,97.2,50.7,0.014715846072176944,54.2,N
78,1074124.7999999998,69.6,67.1,15.6,11989.199999999999,24.01499605825718,41.4,65.7,0.003986602388106324,58.7,Y
79,11863919.200000001,51.4,40.4,36.1,8878.8,0.1452619511730408,54.2,33.5,0.04403280569913336,64.2,Y
80,11462169.6,60.0,24.3,35.1,10627.5,4.517372309009011,54.1,41.7,0.04254171647488234,61.0,Y
81,16855128.0,66.4,56.9,30.6,4430.4,14.117290300829332,82.7,51.0,0.06255762229550774,77.9,N
82,3468374.0,93.5,50.0,40.4,11975.1,0.6136912592185332,49.1,64.8,0.012872831975619482,70.5,Y
83,5546772.000000001,54.4,17.4,33.5,17190.0,12.697089889589584,44.2,49.1,0.020586783306261337,56.9,Y
84,2760402.5,52.4,42.4,31.2,22137.9,0.4311415647638553,30.4,61.5,0.010245203535599092,68.8,Y
85,628991.9999999999,58.1,56.8,9.5,642.0,0.17306378282141946,73.5,74.3,0.0023344968939361353,47.8,N
86,1161546.0,81.8,67.5,36.0,7222.6,3.3390419119225183,53.1,55.8,0.0043110652109469485,84.7,N
87,970421.2000000001,71.4,17.1,65.5,3267.0,1.2516964457014628,78.0,68.3,0.0036017076166465992,56.5,Y
88,26099658.0,37.0,59.7,48.4,17526.600000000002,0.00961743003176591,51.6,50.0,0.09686859377193259,87.4,Y
89,12821760.000000002,46.7,58.9,49.5,6531.0,0.33504535556461335,69.2,37.0,0.047587821299467405,70.7,Y
90,10528709.8,45.2,23.5,50.8,9929.7,21.47551790570565,97.5,58.1,0.03907719068804525,67.6,Y
91,16142490.0,41.5,54.2,20.7,559.8000000000001,0.7927577538958063,63.4,60.7,0.059912674192032875,78.9,Y
92,8989856.7,57.9,23.2,26.3,1476.9,0.795296601566321,63.2,56.8,0.0333657543229182,72.5,Y
93,4367945.999999999,62.5,82.3,54.8,3635.4999999999995,1.027650651622607,57.1,68.9,0.016211583565261187,95.7,N
94,15333318.0,43.5,33.4,29.0,1244.3,0.3092775515634679,71.3,44.2,0.05690944120868795,63.1,Y
95,15932400.0,56.1,42.1,17.5,23830.3,1.0403893872632288,48.2,47.3,0.05913292746640353,76.7,Y
96,8475960.0,50.8,64.0,47.7,16452.3,5.104186004170463,54.0,56.2,0.03145843236977089,58.9,Y
97,6884186.399999999,51.7,58.0,44.2,9630.0,1.5683372521790373,44.7,68.6,0.02555058215061143,82.7,Y
98,25500090.0,64.1,60.8,46.7,10608.0,0.9671727001843877,32.7,51.7,0.09464330373055926,75.9,N
99,3773457.5999999996,72.1,76.2,35.4,18122.2,2.9946849037005543,57.2,64.0,0.0140051464034514,65.5,N
100,7674419.200000001,59.0,73.4,16.3,7798.8,3.406189705457379,63.2,47.0,0.028483522501341594,80.6,N
101,601612.2000000001,79.0,67.9,49.6,4544.400000000001,23.47819871939111,70.5,80.0,0.002232877067202898,81.9,N
102,1653624.0,65.7,43.3,25.4,20063.4,36.15423733369142,45.5,80.7,0.0061374072988817805,75.2,N
103,12840609.600000001,86.9,30.7,33.6,11489.6,0.14885599247556486,63.7,53.9,0.047657781382667054,68.9,Y
104,943401.6,47.8,31.4,45.4,18759.600000000002,1.0503115074871703,47.6,45.5,0.003501424668253938,76.5,N
105,11675663.999999998,66.2,30.5,53.6,2997.3,36.452899444025064,67.2,69.5,0.043334098593689516,63.5,Y
106,11389258.8,38.7,51.4,42.4,5590.2,4.69501127744426,45.2,34.0,0.04227110884213918,63.4,Y
107,803817.6,67.4,41.3,25.8,14319.800000000001,0.14004648874303835,47.0,56.1,0.002983360186602055,50.4,N
108,1870523.1999999997,48.5,81.6,52.2,12936.0,33.392840913036295,70.3,67.4,0.00694242629546239,85.5,N
109,20776792.400000002,41.4,28.6,32.5,13557.5,0.6450964411886181,39.2,41.8,0.07711283660802667,70.2,Y
110,658022.4,60.3,64.7,47.5,11916.300000000001,24.306929061384746,88.3,55.4,0.002442242904425496,66.7,N
111,6057216.0,57.0,70.1,31.9,18304.0,2.216632957824212,80.2,49.0,0.022481290601311727,65.2,N
112,3320163.6000000006,61.0,38.9,57.1,915.6000000000001,5.5604695916335345,46.6,54.3,0.012322750705191517,57.6,Y
113,2247336.0,45.5,41.8,28.3,17926.5,7.764659848721817,23.7,58.0,0.008340962860625988,54.9,Y
114,2934588.0000000005,39.8,89.8,31.9,4981.900000000001,17.86351382283508,45.0,71.7,0.01089169110415118,72.5,N
115,1535020.0,49.2,25.6,56.1,1118.0,14.697714603071693,45.8,71.8,0.005697209856611606,74.6,Y
116,20671807.5,67.1,36.0,23.1,9093.0,3.405726793084202,46.3,58.3,0.07672318630570138,75.5,Y
117,6953065.6,78.5,35.2,29.6,6890.2,2.9261244141820533,68.0,39.4,0.02580622654427114,76.1,N
118,9308376.0,56.4,49.6,44.4,15590.400000000001,3.2514250198392336,63.9,48.9,0.03454793520361098,84.0,Y
119,39120620.00000001,55.4,23.6,45.1,14263.2,6.842603908599,40.6,55.3,0.14519575110471344,81.6,Y
120,749322.0,67.7,45.3,10.3,13158.0,7.0390247694652155,46.6,58.0,0.0027811003662336145,71.8,N
121,6488974.800000001,44.5,42.5,41.4,11979.0,0.8646613108042055,56.2,63.2,0.02408375864149284,90.0,Y
122,1606924.7999999998,39.4,31.6,36.1,2695.6,0.040107044164173836,56.1,46.6,0.005964083731413033,77.2,Y
123,336000.0,47.9,42.6,19.8,2502.5,0.9694289178564578,46.5,60.3,0.0012470603065898164,74.9,Y
124,9543375.0,46.8,33.3,27.1,13030.5,0.0694408725431508,48.1,69.8,0.03542013140893329,75.7,Y
125,1720943.9999999998,59.4,42.5,41.9,20304.0,7.6512756269758135,60.6,62.1,0.006387264738880668,75.5,N
126,1611624.0000000002,24.9,29.0,58.8,14483.4,3.9029134729333776,31.0,68.2,0.005981524760558053,56.7,Y
127,2923200.0,41.2,20.2,71.4,16836.0,0.03787249226470299,59.5,79.9,0.0108494246673314,58.2,Y
128,856800.0,56.8,69.4,42.9,15138.9,1.4338332099598528,41.7,54.5,0.0031800037818040324,87.8,N
129,1581525.0,53.3,31.0,22.5,5611.5,28.92530109021932,38.9,64.8,0.005869812652915058,66.7,Y
130,4877957.7,81.8,51.0,48.1,14531.199999999999,0.17799333985406707,64.7,67.9,0.018104486383613557,80.0,N
131,1007370.0,68.2,40.5,45.2,13915.2,0.7683939457399815,28.0,47.9,0.0037388426816945923,82.3,Y
132,2769366.5999999996,73.3,47.7,23.8,15564.800000000001,0.2644030412253595,67.7,69.9,0.010278473694213081,73.2,N
133,1622689.1999999997,74.3,48.0,43.1,3417.6,7.339274637267728,96.8,62.8,0.0060225931287261406,55.1,N
134,8025033.6,47.8,58.0,34.9,15720.0,1.2652238581720483,41.8,29.4,0.029784823992885637,81.5,Y
135,6058170.300000001,49.1,30.9,44.8,16779.6,2.567720126189829,46.2,52.4,0.022484832475271787,63.2,Y
136,11285908.4,58.6,34.6,14.0,3146.0,6.106605200680685,52.7,35.8,0.04188752496859696,57.7,Y
137,1552128.0,53.2,45.3,34.0,17502.8,0.09087423302638893,44.0,63.5,0.005760706010555472,76.9,Y
138,3547605.6,57.4,29.0,41.7,6543.0,11.353300232596904,64.5,46.2,0.01316689918808259,68.9,Y
139,2096282.0999999999,71.4,75.6,15.7,9752.8,10.036282820258608,65.3,54.5,0.007780327971204594,57.5,N
140,300950.39999999997,70.0,67.1,29.8,23905.800000000003,1.3209839837995492,64.8,71.9,0.001116974101465261,76.1,N
141,1973412.0,65.5,59.4,39.8,8395.2,4.567410730277595,60.0,79.9,0.007324296945678638,64.8,N
142,31695708.000000004,64.5,17.4,45.6,1074.0,5.682124231596285,45.6,37.0,0.11763827183351575,64.0,Y
143,10060619.100000001,55.2,33.9,59.8,13075.9,38.822702226741015,55.2,20.9,0.037339877200385,85.1,Y
144,975480.0,46.3,55.7,54.1,3305.5,6.860458703594792,44.0,43.9,0.0036204832972387903,97.9,Y
145,60314359.50000001,70.0,40.6,41.8,22177.0,8.954990614716735,37.3,74.3,0.22385608229118578,75.1,Y
146,3652147.1999999997,74.5,59.4,29.0,14059.5,3.876746444014322,41.7,88.5,0.013554904187330767,60.5,N
147,1627797.5999999999,65.6,81.2,66.7,33970.0,1.4829826724435524,68.6,64.4,0.0060415528991731166,58.7,N
148,1319056.2000000002,71.0,57.7,57.1,1898.6,7.076218387244669,48.0,82.6,0.004895662586848805,78.5,N
149,5219712.0,59.2,25.5,41.0,16393.600000000002,0.3421048039644236,33.6,61.3,0.019372903711400418,58.3,Y
150,2943864.0,56.5,52.2,29.3,13427.999999999998,16.226595538790875,46.0,45.5,0.010926118876186677,88.0,N
151,72547.19999999998,43.6,25.5,36.4,1625.6,1.8226282904351045,80.5,53.2,0.00026925813533997824,55.1,Y
152,1131228.0,69.9,74.0,44.6,15374.8,4.421187109845184,46.0,61.0,0.004198540287211262,94.6,N
153,752176.7999999999,61.0,47.0,50.0,16990.5,3.715329247496596,41.7,52.6,0.0027916959250528185,81.6,Y
154,1687488.0,68.2,27.7,37.4,480.8,0.05627808521671434,63.8,39.2,0.0062630931626387965,69.3,Y
155,4989600.0,65.8,51.5,36.8,31818.9,1.202491233544367,86.2,69.6,0.01851884555285877,70.6,N
156,10853947.500000002,54.2,44.8,49.2,9225.9,0.49642325489554906,78.3,85.1,0.04028430683648741,80.5,N
157,11599500.0,50.4,38.1,31.5,22858.2,1.152207931444511,66.1,69.3,0.04305141674490647,89.6,N
158,723542.3999999999,73.9,53.9,59.1,10696.699999999999,0.3217303481657395,82.4,81.7,0.00268541966421051,72.0,N
159,1781202.8,42.5,86.5,71.2,6011.7,5.484006913294345,48.2,63.8,0.00661091461269833,52.2,N
160,1415080.8,52.0,44.2,41.0,13146.1,0.1660676109013324,34.8,73.8,0.005252056834218341,75.4,N
161,928800.0,68.8,61.6,58.5,1186.8000000000002,9.729920584289367,44.3,46.4,0.0034472309903589926,78.1,N
162,11594016.000000002,74.9,75.9,61.9,2319.2000000000003,12.961335399979308,53.3,77.9,0.0430310629391882,71.1,N
163,967366.4,60.7,52.2,26.4,2356.0,20.954166774904504,80.6,77.7,0.0035903697600258534,83.7,N
164,20712052.0,46.4,54.6,52.9,2120.0,24.4015861560529,19.7,41.1,0.07687255332507206,85.8,Y
165,14337162.5,54.0,76.4,22.6,24683.399999999998,42.54553325000793,93.2,62.2,0.053212221020470296,51.5,N
166,5121060.0,85.4,59.9,46.9,12844.3,27.45790740272656,68.5,70.1,0.01900675789781204,65.7,N
167,6774840.0,37.1,31.1,39.7,27100.699999999997,35.964166567879076,63.2,59.6,0.02514474418897902,76.3,Y
168,16689540.0,66.8,42.9,37.6,15401.7,8.6165766689145,60.8,26.0,0.06194304425369939,80.7,Y
169,21152715.999999996,66.6,31.0,25.4,9744.300000000001,19.794409840036984,41.6,56.1,0.07850807291716459,72.0,Y
170,2723175.0,45.6,18.5,28.8,22832.6,0.29605162394786977,39.1,54.9,0.010107034078564654,67.9,Y
171,560689.9999999999,55.9,48.4,42.4,12342.0,2.825061285198708,30.9,64.7,0.002080994771731678,82.4,Y
172,6430280.2,50.5,47.7,31.1,7923.4,12.655936421738245,41.2,27.9,0.02386591427878103,78.9,Y
173,27413424.0,72.3,50.5,48.6,4964.7,30.607351955781258,64.8,69.5,0.1017446218396328,86.3,N
174,16569369.600000001,78.5,37.1,49.0,533.6999999999999,13.465690998832093,41.9,63.4,0.06149703313504756,87.5,N
175,2822547.0,63.9,39.8,42.1,11107.2,1.4835650473610762,39.7,60.6,0.01047585216423859,78.4,Y
176,1882540.8,41.0,35.0,35.4,10047.0,5.040182872349902,41.7,59.1,0.006987029485761424,74.7,Y
177,1445080.0000000002,57.3,34.7,30.8,15174.0,0.9355788091684415,35.9,45.0,0.005363398535258368,51.8,Y
178,2505537.6,58.1,48.5,45.5,32234.4,0.8219294420004502,56.1,37.9,0.009299275260798547,87.8,Y
179,2091012.0,43.6,42.3,25.1,5057.5,8.35799713513873,54.2,60.7,0.007760768052985073,78.3,Y
180,5813599.999999999,51.4,57.6,43.9,12919.5,28.546044449620712,35.0,76.9,0.021577112495209983,80.3,N
181,564740.0,50.9,45.1,40.8,6756.799999999999,5.5254006887976495,30.2,63.8,0.0020960263022128944,79.5,Y
182,27980932.500000004,65.4,42.6,28.5,18301.2,0.13784398269392384,79.0,88.4,0.10385092339916355,67.1,N
183,1184040.0,38.5,29.8,49.5,28054.5,9.054584978163218,74.8,56.2,0.004394551444686326,74.1,Y
184,64343742.6,39.2,26.5,47.3,17253.6,23.86956864047439,64.0,36.5,0.23881109337467926,71.8,Y
185,2920512.0,52.6,54.6,28.2,5896.799999999999,18.572177931301912,68.1,44.5,0.010839448184878682,78.1,Y
186,447744.0,73.4,36.2,29.0,2921.6000000000004,9.49457039158133,65.9,49.8,0.0016617969342671154,77.3,N
187,11285280.0,60.1,41.0,47.4,21874.6,5.14551323324313,100.0,83.3,0.04188519266890453,61.7,N
188,1013064.0,63.6,82.0,67.5,2061.7999999999997,4.606201037678532,57.9,95.5,0.003759975900104481,63.5,N
189,5464256.2,77.8,43.7,45.3,25669.0,6.316649120669178,45.1,48.5,0.02028052682159912,79.4,Y
190,3432996.0,61.1,79.3,47.7,12257.999999999998,5.53697846598017,47.2,89.2,0.012741526917504797,80.3,N
191,4836374.4,78.3,45.7,46.2,10670.4,6.099762188258717,41.4,81.0,0.01795015042275934,80.5,N
192,4611187.2,53.6,47.7,31.0,18036.0,28.50566792484847,54.2,58.5,0.01711437060528285,93.2,N
193,12423312.0,62.3,25.7,60.3,2128.0,1.8610058375737493,33.0,73.7,0.04610898592732423,69.9,N
194,1317960.0,73.0,59.5,65.8,338.8,18.06315240464734,41.9,55.2,0.004891594052598554,77.9,Y
195,422674.0,79.7,54.2,52.8,31752.0,1.0855784871146026,55.1,79.2,0.001568749904843881,84.0,N
196,2613416.4000000004,44.1,23.4,64.3,21272.4,8.654174243325418,62.7,72.0,0.009699666241163257,59.2,Y
197,5120499.600000001,56.7,43.8,15.0,21046.0,10.0573852244616,68.2,80.3,0.01900467797937212,64.3,N
198,5902008.0,69.2,74.7,43.1,29770.2,7.449771813701276,51.5,63.5,0.021905237815403412,68.3,N
199,1015625.5999999999,64.7,61.7,18.5,794.4000000000001,1.0934860632434191,76.3,46.2,0.0037694832503466246,75.1,N
200,1765365.0,65.8,59.9,31.3,12358.0,0.08629201713541784,69.1,89.5,0.006552132792092058,67.5,N
201,2713788.0,66.2,31.2,41.3,12457.5,2.2171867648860593,55.7,49.0,0.010072194331249298,76.7,Y
202,2758590.0,68.9,50.1,10.5,9646.0,7.777296915797531,60.5,45.6,0.010238476461772622,66.2,Y
203,4640592.0,49.9,32.4,33.4,5477.400000000001,4.480345361714711,69.4,54.2,0.01722350619725669,63.7,Y
204,499046.4,58.7,69.4,44.3,30327.000000000004,2.940664753853347,39.3,72.7,0.0018522052279361433,82.6,N
205,2675969.9999999995,70.8,82.4,60.8,26169.6,4.704676889351807,52.7,43.5,0.009931833239955803,60.7,Y
206,5283440.4,73.8,32.8,58.9,17127.2,1.7095051112609716,80.6,87.5,0.019609430967479236,54.6,N
207,828828.0,81.9,59.3,43.6,21333.0,3.492095939961357,55.8,76.9,0.0030761860112804287,64.3,N
208,4527814.5,72.3,62.9,50.4,20456.1,13.828624692844151,92.5,61.7,0.016804933745689928,71.4,N
209,3361564.8,63.5,72.4,35.1,997.5,1.8713180812470414,41.6,88.4,0.012476410803897423,69.2,N
210,3740466.8,43.7,29.3,61.7,5386.9,1.2137318670938575,50.5,56.5,0.013882701411895917,68.4,Y
211,595904.4,58.0,58.9,57.1,13966.4,11.144733183395768,52.0,81.9,0.002211692630244704,79.5,N
212,1646730.0,42.0,38.1,49.6,21597.0,2.1839791252381633,35.0,41.5,0.006111820293662642,86.7,Y
213,20605088.0,51.9,32.9,53.7,8051.200000000001,10.121071406314847,49.6,60.3,0.0764755576148516,65.2,Y
214,17016090.0,95.0,51.3,60.5,19188.0,3.097143487406819,76.3,65.4,0.06315503098916639,72.5,N
215,1230056.0999999999,81.6,43.0,47.7,19369.8,5.26299759099541,45.5,70.0,0.0045653396940139096,71.2,Y
216,17032740.0,43.5,27.6,62.1,7808.4,1.6408850572424512,30.1,68.8,0.06321682728114471,62.2,Y
217,4113849.599999999,77.8,73.4,42.2,15065.599999999999,6.519514165081207,61.8,72.2,0.015268507569763069,77.4,N
218,17362975.5,76.9,57.9,60.9,26317.4,1.7055837872285695,54.6,80.5,0.06444249270934961,86.7,N
219,160928.0,75.7,83.8,53.4,13608.0,2.942331089288629,63.1,52.3,0.0005972825030323986,65.0,N
220,10914724.799999999,42.1,80.0,46.3,12190.5,19.21153263313439,92.4,75.5,0.04050988111735556,60.5,N
221,2441880.0,73.8,24.1,44.7,21524.600000000002,4.7495481823270795,73.6,69.7,0.009063010778141487,77.2,N
222,3138490.8,38.7,29.8,55.7,4831.2,14.27212616196879,43.3,40.1,0.011648474104992014,83.3,Y
223,8785305.6,54.3,37.9,28.9,12343.2,1.3680295127240139,67.9,72.0,0.032606565163753654,84.6,N
224,4318679.999999999,78.8,57.2,50.1,21244.0,0.5963861246607296,61.3,61.7,0.016028733347807456,49.4,Y
225,206575.59999999998,78.4,63.0,58.0,21213.5,5.759108951904199,64.7,47.8,0.0007667030686606404,91.1,N
226,1195776.0,56.5,56.3,45.9,7736.599999999999,1.834148320653365,53.0,68.0,0.0044381094796807855,89.7,N
227,9216330.0,54.7,69.3,11.6,14866.5,0.21168575314866261,57.9,81.8,0.034206307486407496,53.1,N
228,14038502.400000002,66.8,25.4,41.1,15656.0,0.2623974010618021,62.9,53.7,0.052103747342279384,67.3,Y
229,1362816.0,86.3,56.0,50.9,12537.5,12.49200705185337,34.6,76.7,0.005058076603528296,58.2,N
230,17493970.200000003,50.6,85.8,40.7,7207.2,0.34862944840908017,61.9,34.2,0.0649286780984676,74.7,N
231,1063570.6,58.0,43.8,33.3,6083.3,11.356264723735416,45.9,47.3,0.003947430590821174,72.4,Y
232,11953305.0,79.0,60.0,35.0,12417.300000000001,6.385414198365198,60.4,52.5,0.04436456011327851,87.6,N
233,1471365.0,80.1,62.4,27.6,8706.2,2.8868366357793915,77.9,58.6,0.005460955023825966,69.4,N
234,1911428.9999999998,58.7,49.0,41.4,23430.0,0.4364108658884977,36.7,95.2,0.007094247722513884,63.8,N
235,1259107.2,52.3,39.4,31.2,16863.3,12.193196424198742,38.0,55.1,0.00467316253232573,78.5,Y
236,5834400.0,78.3,35.2,27.2,18433.9,11.444992035083725,51.3,37.4,0.02165431146657031,70.7,Y
237,354900.0,57.8,52.6,100.0,1488.9,5.978887137748324,66.2,57.5,0.0013172074488354934,76.0,N
238,837086.7999999999,70.8,37.9,50.1,8229.6,6.1962665005212125,70.8,83.1,0.0031068384566972865,73.8,N
239,20118528.0,39.2,23.7,54.2,2622.6,2.785004644351247,49.9,38.6,0.0746696955232613,77.9,Y
240,2724321.5999999996,58.4,17.8,33.2,21468.7,4.310609937017719,30.4,60.2,0.010111289671860885,60.9,Y
241,19286687.000000004,76.5,40.3,37.7,17780.0,2.6370533247549686,92.8,68.2,0.07158232679560068,59.6,N
242,1261260.0,62.4,48.8,44.5,19660.6,3.9350659781649195,68.8,57.4,0.004681152625861522,60.2,N
243,1261824.0,59.4,62.1,51.9,8837.699999999999,1.442003218610157,41.8,53.5,0.00468324590566187,52.9,Y
244,1163800.0,62.3,52.2,37.1,7811.6,0.06328814709772074,17.3,64.2,0.004319430907170321,74.7,N
245,6097355.999999999,64.4,37.8,38.4,11368.0,12.487010198564482,63.4,58.8,0.022630269770081105,80.4,Y
246,6784788.399999999,63.8,67.3,57.6,15276.0,1.6428847922575445,67.0,51.7,0.025181667566223292,97.8,N
247,1351296.0,67.4,37.2,56.4,13680.0,1.6940779811027291,71.0,52.6,0.005015320250159499,62.8,Y
248,1801338.0,60.8,26.4,29.5,27096.999999999996,0.558355932107854,57.5,33.3,0.006685646186166331,62.2,Y
249,340452.0,49.3,25.3,61.9,11956.8,3.9355422431467546,52.5,46.5,0.0012635838556521314,71.6,Y
250,2427746.4,74.9,31.4,61.8,3390.4,2.703689617632579,67.7,65.1,0.009010554077102148,83.5,N
251,3189186.0,78.9,83.0,37.5,17158.699999999997,3.2054903833234123,55.1,59.8,0.011836628782535559,77.8,N
252,620540.0,32.1,55.9,38.6,15558.4,0.39064706639766,53.8,43.4,0.00230312738884299,77.5,Y
253,6044376.899999999,45.4,35.2,46.1,2769.0,2.0608784099342707,56.5,52.9,0.022433638422792872,82.3,Y
254,336609.0,52.5,52.7,42.5,13465.5,0.03832826686506855,35.0,52.2,0.0012493206033955102,55.3,Y
255,33634944.0,39.3,48.8,54.3,3672.2000000000003,0.20813699839675207,77.2,33.3,0.12483572493086693,77.3,Y
256,4217849.999999999,32.5,54.1,43.7,6669.0,0.5510977482275622,67.2,67.6,0.01565450391116028,82.7,Y
257,33114509.999999996,27.4,39.7,46.4,17680.0,2.1057170713449453,60.8,49.9,0.12290413986062954,72.3,Y
258,6843333.0,60.1,71.5,21.8,27191.100000000002,20.314094891628983,86.0,61.5,0.025398955205583953,75.6,N
259,1845864.0,39.5,16.0,41.2,17916.8,0.2740898439982733,55.1,51.3,0.006850903945723527,62.6,Y
260,1736670.0,66.4,41.2,62.7,24402.4,0.9834991777017441,78.4,41.9,0.0064456316150158805,81.7,Y
261,9521015.6,77.3,42.0,39.2,3221.9999999999995,0.8683833888186491,66.2,77.3,0.035337144741614354,83.1,N
262,1088890.0,72.4,46.5,18.3,21154.600000000002,0.15534229454563495,71.1,80.4,0.004041403265602933,69.3,N
263,9622368.0,64.8,25.1,38.2,16236.0,4.867813464318479,70.7,49.0,0.035713313060119156,78.9,Y
264,329045.19999999995,58.2,69.2,60.0,17103.899999999998,22.757570322520415,48.5,55.4,0.0012212476428390096,69.6,N
265,1446156.0000000002,68.4,45.7,20.8,3411.9,1.4682240573138468,52.1,46.2,0.005367392097430661,63.6,N
266,2862912.0,81.4,55.7,58.7,22704.0,10.075306894528655,17.2,64.1,0.010625666418034713,54.0,N
267,803965.5,82.6,51.6,23.0,6739.200000000001,0.12835117772421129,46.5,70.5,0.0029839091158262937,70.9,N
268,1563660.0,37.4,52.0,14.7,5265.0,0.7812597972293481,68.0,59.2,0.005803506901792357,53.6,Y
269,5596723.199999999,95.2,51.4,57.9,28194.0,3.865082321656235,72.1,82.3,0.020772176635983144,46.9,N
270,11922120.0,73.5,43.3,27.9,165.6,0.7385660300885328,51.2,71.0,0.044248817328573144,69.3,Y
271,1527571.5,70.4,42.6,32.2,1491.0,1.6601098211034135,66.7,51.8,0.005669564830737693,77.3,Y
272,6969715.2,63.1,47.3,30.7,968.9999999999999,8.357848001940171,47.8,57.3,0.025868021351653874,87.4,N
273,2700654.0,37.8,33.0,35.2,12751.2,26.072634158242565,63.9,43.6,0.010023447634622063,68.3,Y
274,2361340.8000000003,67.7,15.5,47.8,21580.000000000004,0.06720839549727661,68.2,50.9,0.008764090422651912,68.3,Y
275,4646070.0,47.3,44.9,45.2,10973.6,1.2526734697768176,80.0,45.1,0.017243837734040913,80.0,Y
276,873600.0,46.0,19.4,40.2,15540.6,1.6523216779505272,66.4,55.1,0.003242356797133523,55.8,Y
277,725582.0,92.0,49.2,31.7,30107.0,0.3366903743652786,43.6,56.3,0.002692989617190631,57.2,N
278,658854.0000000001,73.2,67.7,52.5,19865.6,0.08769079530957963,46.6,63.4,0.002445329378684306,85.9,N
279,12944888.0,84.5,65.3,29.3,3488.2000000000003,0.49902875276868247,73.1,67.7,0.04804480951800843,55.7,N
280,15917472.0,57.8,91.4,34.4,3384.0,30.23718595050896,59.8,49.9,0.05907752235849648,77.4,N
281,475904.0,69.6,56.7,26.8,13363.0,2.194941629218713,69.9,67.8,0.0017663124647241668,84.6,N
282,19132393.8,49.3,71.2,57.9,15998.400000000001,3.8221512726991556,65.2,73.9,0.07100966927983661,88.6,N
283,3699192.0,63.2,38.4,45.0,24671.699999999997,2.7490398643967913,61.7,59.9,0.013729510445400587,76.1,N
284,5898401.100000001,47.6,35.7,23.9,902.4000000000001,0.86944059889515,59.8,32.3,0.021891850845701513,68.9,Y
285,2799468.0,67.8,58.8,50.1,14244.4,9.970802163836256,78.3,40.2,0.010390194709429703,87.3,N
286,5260948.0,78.0,28.6,44.3,12239.6,0.039355938406394085,76.3,55.6,0.019525950672122264,58.5,Y
287,3963648.0000000005,66.6,70.5,42.1,2910.7999999999997,4.422664888555132,60.7,34.3,0.014711035982422955,60.0,N
288,687960.0,72.2,50.1,29.2,21105.0,43.355888381281666,64.1,57.9,0.0025533559777426488,83.6,N
289,2052750.0,87.9,55.9,52.9,18116.8,3.2848764155491508,50.4,63.8,0.007618759060572158,74.2,N
290,3703392.0,76.0,62.6,63.4,25717.5,8.342404563969891,74.3,85.2,0.013745098699232955,87.2,N
291,9860928.0,54.8,46.8,36.7,18849.600000000002,1.9801451673672479,70.3,48.5,0.03659872587779794,86.3,N
292,1094745.5999999999,47.3,38.4,49.7,12254.900000000001,4.503825596600889,51.0,56.8,0.004063136260636464,86.4,Y
293,23279385.6,72.4,59.7,65.8,2415.0,5.943827917396127,44.8,86.1,0.08640118376059093,77.0,N
294,2921184.0,65.4,58.7,45.1,15316.0,0.24403495055267993,94.6,85.1,0.01084194230549186,69.7,N
295,5792348.8,39.2,39.7,21.7,25464.6,4.675991421883084,44.0,45.0,0.021498238900009386,37.1,Y
296,4733820.0,75.4,56.1,19.5,5264.0,0.42238328116566304,55.8,75.2,0.01756952089446727,54.0,Y
297,4831596.0,31.7,21.8,38.0,252.0,6.0545268829497605,52.7,70.1,0.017932415443684905,61.9,Y
298,18304455.0,83.4,59.1,51.7,23243.8,0.1421657204467398,69.0,82.5,0.06793678352458185,84.5,N
299,2022220.2000000002,64.1,45.3,29.5,13782.5,12.704776285569322,37.8,81.1,0.0075054480434646395,74.6,N
300,2663245.1999999997,63.7,63.0,43.4,6141.099999999999,0.5363669181704295,46.7,34.1,0.009884605284630525,70.2,Y
301,12094208.0,58.2,66.3,18.1,6716.400000000001,4.891907189175217,59.5,59.7,0.04488752004893158,71.4,N
302,280860.0,54.8,13.6,39.9,11882.500000000002,12.378035288273395,45.0,48.8,0.001042408802704809,51.3,Y
303,1099238.4000000001,54.2,55.9,41.4,9685.5,0.9924637818903441,43.9,73.9,0.004079811238450296,78.3,N
304,1853229.5999999999,43.7,53.9,26.4,13049.199999999999,1.074849854639753,59.6,51.9,0.0068782412891586955,64.9,Y
305,17575042.0,75.0,52.0,60.0,16571.0,0.14788853107839706,55.4,33.0,0.06522957519300267,80.4,N
306,8988524.4,44.3,74.8,47.4,15151.5,1.3653720317585771,77.5,80.7,0.03336080950611323,40.8,N
307,10597759.200000001,54.8,36.8,49.6,7601.8,0.5342957953156252,62.8,54.7,0.03933346677713407,75.3,Y
308,769705.2,51.0,58.8,36.4,11694.6,2.9044845424227086,42.9,57.9,0.002856752388975523,71.6,Y
309,5055405.600000001,61.6,38.6,55.5,9985.5,14.796217632828636,45.2,31.9,0.01876308231390439,65.8,Y
310,2422035.0,56.7,56.9,26.4,22525.6,5.041786202502058,41.1,29.3,0.008989356278783531,77.0,Y
311,31017676.799999997,41.1,63.1,59.2,15136.800000000001,4.265551308196246,26.6,42.2,0.11512176648783282,58.6,Y
312,9276525.0,86.9,55.1,29.5,14061.0,24.607365805150582,62.8,74.4,0.03442972056722647,75.6,N
313,5276880.0,69.7,27.4,62.3,8142.0,2.864438535580508,96.0,58.8,0.019585082114993057,57.1,Y
314,15934899.2,56.7,84.9,63.8,12714.3,0.971586371978856,30.6,66.0,0.0591422032197316,58.8,N
315,14270054.399999999,86.0,57.0,48.5,20297.9,11.646669560272569,52.5,57.0,0.052963150044992115,83.4,N
316,5385369.600000001,51.6,67.1,43.3,11257.2,12.850074613577672,46.4,41.9,0.019987740072843683,73.8,Y
317,12411750.0,76.4,78.4,21.0,8667.6,2.4094837856352362,49.3,62.6,0.04606607369141711,70.1,N
318,24574680.0,55.1,37.6,25.3,4192.5,0.37955331444662227,72.4,57.5,0.0912086546879364,60.6,N
319,384813.00000000006,37.4,26.3,26.4,16813.9,21.683735636630406,45.9,56.4,0.0014282292195230567,56.8,Y
320,14258160.0,59.9,22.4,45.7,11322.0,2.6863936361932472,43.2,64.6,0.05291900411013885,70.3,Y
321,1526287.0,80.3,62.5,25.7,11970.0,0.4083944543051514,44.3,80.0,0.005664797423107293,68.8,N
322,4009852.8,81.7,58.2,65.0,14289.6,0.7523405134107872,52.6,74.7,0.01488252458972629,89.0,N
323,11537011.200000003,38.5,37.3,38.6,10582.0,0.9306902831322302,55.3,54.8,0.04281949025060163,85.1,Y
324,16027174.8,48.8,47.6,25.3,2186.3999999999996,6.074409114247979,47.2,50.0,0.05948468309481123,77.4,Y
325,124547.5,37.5,23.2,32.1,12808.9,2.593031780366532,58.2,48.7,0.0004622566771874855,72.5,Y
326,10507335.3,29.3,29.9,38.0,27487.5,3.3477595616987923,45.9,44.2,0.03899785946624999,66.0,Y
327,3150505.6,40.9,70.1,35.0,2763.2,5.933114045972669,51.2,68.7,0.011693066903121826,67.8,Y
328,1420419.0,55.1,57.9,30.1,9223.199999999999,0.9289041931541937,54.9,64.6,0.005271869504839285,68.5,N
329,22344044.4,49.1,36.0,38.9,27740.0,1.320759717287334,40.3,36.1,0.0829296751783347,76.3,Y
330,806707.7999999999,82.4,36.5,44.4,19813.7,11.106018405337243,57.8,78.4,0.002994087132132131,76.5,N
331,4263192.0,61.1,44.3,49.2,4375.0,5.810146719494457,30.6,64.2,0.015822790245747776,71.0,Y
332,6417208.2,78.4,52.6,61.5,23010.0,3.622786915204171,51.8,79.8,0.023817397694472272,75.6,N
333,2043468.0,38.1,28.4,47.0,30258.500000000004,1.290516986149818,41.1,70.2,0.007584309019602616,69.1,Y
334,9147299.2,58.1,51.8,40.8,18364.5,5.8743652157274715,29.5,39.0,0.03395010043101423,79.1,Y
335,5453760.0,58.4,16.3,33.8,11605.199999999999,1.012337039068961,68.2,45.1,0.020241570290676417,72.1,Y
336,4453218.0,35.4,41.7,25.8,1935.5,0.10320733751854529,53.1,41.7,0.01652806965592645,65.2,Y
337,2509920.0,56.4,52.6,26.1,456.3,3.5297368849013346,54.0,74.4,0.009315540490225925,69.8,N
338,6259299.200000001,48.6,38.1,25.3,9843.4,15.293673868619434,51.5,39.4,0.023231320176754142,52.9,Y
339,7713878.399999999,56.1,25.5,49.8,5961.599999999999,1.7884782813661924,57.7,67.5,0.02862997488839452,78.7,Y
340,3718634.4,75.3,41.3,31.1,2320.5,5.358407099857894,43.5,64.1,0.013801670699284039,74.1,N
341,3186484.4,71.8,45.7,25.2,18525.6,4.462454566128417,51.6,62.8,0.011826601823832337,80.6,N
342,8394925.0,80.6,28.4,53.4,6793.200000000001,8.258015069269069,57.6,58.1,0.031157671858031286,68.2,Y
343,1186441.2,39.8,36.4,40.3,5850.0,0.06295434819722692,63.9,67.3,0.004403463472091635,78.0,Y
344,1591128.0,67.3,55.2,20.4,23562.0,10.440120946590648,49.5,72.7,0.005905454081856077,75.1,N
345,1162990.4,56.6,55.5,33.5,11566.800000000001,2.940282486734891,59.8,46.3,0.004316426085669682,73.8,Y
346,113616.0,67.0,66.0,29.7,6363.8,11.618188965186556,58.4,81.0,0.00042168453509972795,69.9,N
347,2521886.3999999994,60.9,31.9,46.2,15067.5,23.70429639749552,55.3,55.5,0.009359953652287758,69.0,Y
348,2473510.2,77.3,63.2,65.4,29632.199999999997,29.39619316842838,64.9,71.1,0.00918040591775309,74.7,N
349,13560480.000000002,61.3,27.3,62.3,11158.5,0.2595283061710528,45.6,58.1,0.050329572459241294,88.3,Y
350,429973.5,66.4,33.4,41.3,19149.9,0.04525900881873459,63.3,81.3,0.0015958419188556437,60.0,Y
351,4439291.999999999,82.0,53.9,44.1,15514.2,4.042269057464826,56.7,40.6,0.016476383460005108,74.0,N
352,14327347.5,37.8,23.2,61.7,19384.4,0.1772088018596794,48.8,46.9,0.053175792755859624,50.0,Y
353,6331446.0,65.3,64.1,12.9,17031.6,3.3022465558263048,67.2,72.8,0.023499092231895426,56.6,N
354,1314512.0999999999,61.6,34.4,39.5,3760.0,7.176881237360604,60.7,75.7,0.004878797209648878,78.5,Y
355,2436033.6,77.9,36.4,52.2,8009.5,0.9543421260806965,50.6,45.5,0.009041311928806826,85.4,N
356,24606027.599999998,62.0,39.9,26.3,3437.1,56.70201575557701,75.7,54.9,0.09132500096075441,88.4,Y
357,15629096.700000003,66.5,36.7,23.8,5865.6,5.773987480940411,49.0,62.0,0.05800722060245204,72.2,N
358,328320.0,88.5,81.4,62.5,8247.199999999999,2.559093843205185,43.4,65.3,0.0012185560710106203,71.2,N
359,6717427.199999999,40.1,31.5,42.2,13816.0,14.147249419952646,53.8,49.5,0.024931657212877295,89.9,Y
360,20355993.599999998,50.9,39.4,72.5,21375.6,5.372499702752306,83.9,52.4,0.07555104648737004,86.3,Y
361,3688524.0,60.7,50.5,11.0,15475.5,13.760715260824023,62.0,63.4,0.013689916280666356,77.5,N
362,6284520.0,61.6,91.4,56.3,30444.199999999997,1.624736296761061,56.8,47.0,0.02332492689871973,71.7,N
363,9719640.0,80.1,72.7,58.3,3670.8,11.222367804280848,39.3,47.0,0.036074337018876905,74.9,N
364,1045464.0000000001,40.9,42.5,35.2,15422.4,5.34412032170171,68.6,38.8,0.0038802281439542135,69.0,Y
365,1240086.0,51.2,35.1,39.4,11971.4,14.547673990036628,47.0,40.6,0.004602565557612319,71.9,Y
366,1508760.0,67.6,47.3,30.1,17276.0,2.696271661802212,68.6,66.3,0.005599746155269199,84.6,N
367,565471.0,46.9,13.4,43.3,4999.5,15.894000189266919,65.8,43.3,0.00209873940067753,74.6,Y
368,2827710.1999999997,63.4,54.4,43.3,1660.6000000000001,2.449344833720798,22.9,33.6,0.010495015324283184,72.4,Y
369,1153440.0,82.1,73.0,25.9,10277.1,5.525126359292247,63.9,55.8,0.004280979881050469,80.3,N
370,352500.0,80.2,63.5,39.7,24475.5,6.83773856801227,62.8,70.1,0.0013082998752169948,64.4,N
371,6102835.200000001,87.0,57.1,44.7,13053.599999999999,0.34823836780948997,65.6,42.0,0.02265060576065215,56.1,N
372,10874864.0,63.0,65.6,22.9,8011.5,2.7159873344549297,59.3,75.7,0.040361938196317115,66.7,N
373,643636.7999999999,72.9,57.4,37.2,26130.4,1.2148084064036206,60.3,72.0,0.002388850908156215,81.5,Y
374,24125040.0,57.0,29.9,41.9,20052.0,14.916895335912988,53.4,71.8,0.08953982077051068,91.8,Y
375,2356337.5999999996,66.6,43.0,40.3,9700.5,3.785380656913458,35.6,43.7,0.008745521100848544,66.9,Y
376,21351456.0,50.4,35.1,50.3,10341.2,10.130713817447662,51.4,59.5,0.07924569424255644,89.0,Y
377,2878790.4000000004,83.0,53.5,40.0,11144.6,2.4853668528147455,42.4,69.3,0.010684598925094704,74.6,N
378,878438.4,55.3,24.4,46.8,11033.400000000001,16.97900519478097,66.9,65.4,0.003260314465548416,79.6,Y
379,1321689.5999999999,72.1,35.5,44.7,17025.8,0.7669896984711039,47.0,24.4,0.0049054364220017,77.5,Y
380,488124.0,65.7,43.0,90.2,6002.8,0.7150854363240065,36.3,40.5,0.001811666860398356,74.4,Y
381,4197441.6,44.4,37.8,35.8,5990.0,3.361770295414249,70.2,62.9,0.015578758358895382,78.8,Y
382,8983353.600000001,76.7,48.1,48.6,23698.2,8.28739047433661,81.5,68.9,0.03334161813875217,80.6,N
383,20027598.499999996,71.2,54.1,55.0,18960.0,3.774592593728739,54.3,41.6,0.07433221168353493,86.9,Y
384,22878375.0,54.7,77.9,26.0,5919.2,3.2866015587482202,73.5,87.6,0.08491283732671663,61.4,N
385,5851071.2,93.0,55.2,62.8,18302.4,20.588655146138354,76.2,58.3,0.021716186442115606,80.1,N
386,2642549.0000000005,72.5,61.4,68.5,16767.0,8.108268710605842,56.3,52.5,0.009807791565829204,89.7,N
387,3383398.4,47.9,37.0,53.1,26252.399999999998,3.573261452021035,30.0,39.5,0.01255744597029611,75.5,Y
388,4398900.000000001,61.3,43.7,46.4,16503.4,0.8160723329255369,85.2,73.7,0.01632646899600578,54.8,Y
389,7484049.2,63.7,70.1,58.1,11891.699999999999,0.8352080740261216,38.9,88.8,0.02777696633894425,81.2,N
390,18886508.9,86.6,33.7,44.1,8960.4,41.31589785973465,66.8,36.5,0.07009707017632524,58.0,N
391,5782233.600000001,43.1,53.8,22.3,10419.900000000001,2.7817789391103904,53.5,57.0,0.02146069644639862,77.4,Y
392,2318179.5,67.8,36.8,17.6,14582.0,4.875822578857118,34.4,58.8,0.008603897732143533,60.7,Y
393,721434.0,77.5,43.7,60.3,3184.2000000000003,10.378023116350914,51.1,54.9,0.00267759436078666,89.9,N
394,13510551.600000001,46.7,34.9,30.7,29707.600000000002,9.717192746506589,53.6,41.9,0.05014426375146885,75.3,Y
395,12721654.4,56.3,39.3,25.0,10506.0,5.586589963159251,36.0,44.6,0.04721628046545739,68.7,Y
396,1360838.0,80.9,42.7,37.0,9206.1,3.5527622313042566,37.9,70.9,0.0050507352782710475,72.6,N
397,2965032.0,76.7,37.2,11.5,12652.800000000001,23.03627798547281,61.3,63.4,0.011004683675501833,57.1,N
398,706176.0,77.7,81.6,34.7,11340.0,1.0364160000363558,69.8,83.7,0.0026209644615070534,53.3,N
399,8791110.0,61.3,36.5,20.1,10815.300000000001,9.594671480544394,52.0,40.8,0.03262810813054999,65.1,Y
400,826956.0,68.1,67.9,30.0,27416.0,6.854402531325438,77.4,70.6,0.0030692381038579996,75.3,N
401,11331936.0,35.9,24.6,42.0,11216.9,9.12708589563669,54.8,57.1,0.04205835590004814,74.4,Y
402,3588748.8000000003,61.4,54.1,26.3,3139.2000000000003,18.725680007115393,45.9,58.9,0.013319601722624506,81.2,N
403,2036192.0,56.8,76.1,51.9,15288.0,2.3676171508813586,65.7,88.7,0.007557304225582531,57.4,N
404,2792880.0,87.0,75.1,49.7,6827.599999999999,6.6404263489121105,55.0,44.1,0.010365743419846921,85.9,N
405,6769639.8,67.9,81.8,57.3,3221.3999999999996,1.051322464605855,75.5,73.7,0.02512544370384114,62.3,N
406,35878897.599999994,63.6,62.4,30.4,10458.0,22.53029513242105,46.6,69.4,0.13316413405107327,74.3,N
407,11186229.6,72.6,52.1,33.2,1528.0,4.565559628851103,59.7,35.7,0.04151756819809546,61.4,Y
408,432432.0,75.8,65.7,37.1,17651.3,1.5937140742723077,35.6,66.1,0.001604966614581093,69.9,N
409,10655735.999999998,66.6,30.7,34.7,15849.6,0.5105221325504711,41.4,73.0,0.03954864703303612,56.3,Y
410,8371466.399999999,46.6,47.1,33.4,6853.0,1.6130946006619844,48.1,63.1,0.03107060552199507,79.5,Y
411,2806272.0,61.7,30.8,12.6,27805.8,11.175441930725713,59.3,54.0,0.010415447680638144,60.2,Y
412,13060710.0,71.1,53.9,40.4,10207.0,2.1283025243369087,63.8,56.7,0.04847468159785917,98.5,N
413,4940543.399999999,34.8,25.5,42.7,4432.5,7.439641595299413,57.3,55.2,0.018336772521203252,78.2,Y
414,3104436.5,41.8,52.4,44.1,6916.799999999999,5.744456108441024,59.2,16.8,0.011522081944876835,66.0,Y
415,3043656.0,56.8,39.5,45.8,23070.8,9.136982373139187,78.7,71.4,0.01129649578724385,63.6,N
416,5536090.8,75.1,46.8,34.3,32274.0,2.9700536819492434,88.2,64.6,0.020547140149872203,64.7,N
417,2231460.0000000005,61.6,39.1,48.5,12417.6,0.9636050988754498,76.8,72.8,0.008282039261139618,85.4,N
418,2978118.0,69.4,63.7,19.8,2137.6,18.670171309312483,46.9,67.0,0.011053252220656696,58.8,N
419,5571406.800000001,56.1,55.0,37.2,5202.599999999999,7.114053182274876,56.3,86.6,0.02067821509566841,77.8,N
420,19718640.0,44.0,64.2,14.7,12151.1,0.19610745513146216,55.1,67.7,0.07318551560694708,73.5,N
421,14420624.399999999,68.0,37.2,39.6,12757.5,0.146678904894317,59.2,65.5,0.05352198894488269,63.1,N
422,5430204.0,33.3,60.9,39.1,16224.0,0.7600619621599868,75.3,70.2,0.020154142455610844,80.0,N
423,1982736.0,42.3,43.9,35.1,23595.0,0.378341698648553,58.1,56.0,0.007358902869186506,73.3,Y
424,1654953.3,71.3,42.3,55.9,9938.4,1.0809594082621614,48.4,91.6,0.006142340981219728,69.7,N
425,790574.3999999999,79.6,48.8,45.8,3230.0,14.159513814025514,42.8,91.4,0.002934208195375179,70.1,N
426,4293484.8,51.8,43.4,27.3,12303.900000000001,1.0244015551664147,37.3,55.8,0.015935221639960466,68.0,Y
427,9315028.799999999,62.5,46.6,40.5,1703.7,4.835526345962942,87.7,47.5,0.03457262699768145,80.8,Y
428,5441570.0,92.3,76.0,70.9,12074.4,0.48539034176671336,43.5,51.4,0.02019632723967246,73.2,N
429,425334.0,72.5,49.4,55.5,18174.4,0.03089611121763689,89.9,71.1,0.0015786224656043832,85.1,N
430,31972752.0,34.6,16.8,37.7,11249.7,0.15361602707837202,51.6,53.6,0.11866651759416716,64.8,Y
431,4236710.4,74.7,40.1,53.5,7525.0,9.893238425504139,71.4,95.0,0.01572450407844126,74.0,N
432,905604.6,65.5,54.3,30.6,7433.599999999999,13.542150380626305,59.3,39.1,0.0033611415182296074,74.9,Y
433,454360.80000000005,65.3,52.0,6.7,12949.2,3.2849093970348484,61.2,60.7,0.0016863551147333164,67.6,Y
434,21176100.0,43.5,59.7,53.0,11751.9,11.76275584259987,69.9,95.9,0.07859486237612084,72.0,N
435,2961400.0,69.3,60.2,13.5,13100.0,0.7649734948822516,63.8,57.0,0.010991203547425837,77.0,N
436,2690157.5999999996,72.0,34.9,42.2,226.0,0.9118257496756131,38.3,61.2,0.009984490361401558,82.0,Y
437,623007.0,50.4,67.5,43.5,16614.4,4.134705932021069,63.0,84.6,0.0023122836322250046,68.1,N
438,1046152.7999999998,65.2,59.5,41.1,14662.400000000001,1.327203350666727,52.0,83.4,0.003882784617582722,62.0,N
439,7932825.599999999,69.2,34.0,31.5,28241.399999999998,2.0586107937303693,66.3,56.9,0.02944259501446292,62.4,Y
440,19516723.200000003,51.9,56.4,60.6,9083.199999999999,11.192217412087325,45.3,59.7,0.07243610362327554,74.5,Y
441,1860540.8,61.0,53.4,38.0,25041.6,0.6846685797412944,26.7,59.6,0.006905376727591853,78.4,N
442,7544460.0,52.0,58.3,43.1,32702.0,16.91284040386615,93.6,75.4,0.028001180359091084,72.8,N
443,3949568.0,54.9,50.4,23.3,5434.900000000001,18.16464983617428,31.3,57.8,0.014658778217194428,52.3,Y
444,117450.0,47.0,62.1,41.3,5719.0,5.428095715465477,62.6,29.6,0.0004359143839552795,63.7,Y
445,278124.0,56.8,58.3,66.0,24205.600000000002,16.92913979430109,43.9,92.4,0.0010322541687797205,76.4,N
446,2432043.0,38.3,64.6,47.0,25856.399999999998,5.617030114995248,46.8,52.2,0.009026500860772665,90.6,N
447,15826752.0,56.5,30.3,73.5,6063.6,12.044062670403326,32.7,66.8,0.058740816075717225,52.1,Y
448,1079078.0,84.1,37.6,48.8,12034.0,0.0071691834706886426,69.5,50.0,0.004004986135459303,74.4,Y
449,2316816.0,89.4,48.8,73.0,798.0,3.038489337139648,46.4,83.9,0.008598837116881523,73.6,N
450,10575768.0,67.0,61.0,49.0,19198.2,16.344634648485773,66.1,73.9,0.03925184668006776,81.9,N
451,655776.0,71.4,58.4,25.3,4292.0,7.145000604815731,64.8,62.5,0.002433905415518581,58.7,N
452,59745.600000000006,44.9,50.7,16.4,9201.800000000001,0.3570528791051624,69.8,71.1,0.00022174513765890633,61.8,N
453,1479244.8,59.2,62.3,32.8,13527.0,1.5596433443902833,57.1,90.2,0.005490200814908903,75.3,N
454,10621749.6,45.0,61.9,47.5,12968.800000000001,0.1505950209694301,63.2,57.3,0.03942250688302458,76.4,Y
455,489888.0,45.7,49.3,85.8,12236.8,24.630868967013058,47.1,80.7,0.0018182139270079521,74.6,N
456,2527551.0,64.1,56.1,29.1,25553.2,0.2398116343555913,59.8,87.4,0.009380977752920823,60.5,N
457,3589185.5999999996,51.2,24.3,52.0,2800.0,0.20706876015538206,53.0,49.1,0.013321222901023071,67.9,Y
458,9045691.200000001,58.5,30.1,31.3,6514.2,17.72712067839938,55.0,55.7,0.03357298345591905,73.4,Y
459,9789119.999999998,73.1,58.9,42.1,1337.0,22.665099155703682,75.2,60.5,0.03633221127513245,76.0,Y
460,1283562.0,50.8,32.2,36.9,13530.0,4.852552240746239,62.0,66.4,0.004763926253711422,87.2,Y
461,12871758.6,65.9,56.9,37.5,5086.2,3.4536547874615673,77.3,53.8,0.047773390553768155,64.9,Y
462,900487.5000000001,49.3,45.2,29.6,20205.5,18.960132387940313,36.0,46.7,0.003342149457828265,68.9,Y
463,445500.0,72.4,38.3,18.3,21154.7,4.456083086297953,77.0,59.2,0.0016534683529338188,72.7,N
464,1851561.6,67.1,51.6,49.6,7972.799999999999,0.8183310893855041,82.6,97.1,0.006872050525493842,71.8,N
465,10432520.0,87.3,41.1,43.5,6534.0,39.09686888804349,69.9,55.4,0.03872018330269164,67.5,N
466,1106649.6,55.8,35.3,40.6,31280.0,1.2983521018287851,35.9,51.4,0.00410731782578422,84.8,Y
467,5140295.999999999,59.5,51.1,37.6,8605.6,5.412625499351264,66.3,51.3,0.019078152100364298,83.3,Y
468,14076720.0,52.7,26.1,36.4,21018.0,0.2838720936128701,59.9,22.9,0.052245591544580354,33.8,Y
469,10219507.200000001,39.5,49.9,39.4,13781.2,0.23349387367015986,37.2,20.7,0.037929588636990585,60.6,Y
470,1178793.0000000002,75.8,75.6,16.7,26203.800000000003,12.882962199952074,46.2,64.0,0.0043750772618628845,66.3,N
471,4641407.999999999,56.2,39.7,45.2,15302.800000000001,2.534834770715011,52.7,62.8,0.017226534772286983,84.2,N
472,34248564.0,58.6,38.7,27.1,19583.9,7.635880063162396,40.2,47.2,0.12711316881577658,46.6,Y
473,3870456.0,42.9,49.6,49.9,15812.000000000002,1.9002337799640008,59.7,51.0,0.014365154898816648,90.1,Y
474,5187424.2,54.7,19.5,43.2,14740.800000000001,14.147523678850751,41.2,39.6,0.01925306789661736,68.3,Y
475,14366071.0,75.4,48.8,14.7,24948.0,9.052370375646563,63.9,64.0,0.0533195146004496,72.5,N
476,189000.0,52.7,67.8,27.0,28605.399999999998,12.021102136680407,58.9,81.2,0.0007014714224567714,61.0,N
477,5431680.0,52.4,79.1,48.9,29015.999999999996,1.8042215889085806,59.7,83.2,0.020159620613386227,80.1,N
478,1832544.0000000002,53.0,40.3,51.2,14178.0,1.1220891185746984,53.1,81.8,0.006801466912140859,68.7,Y
479,13958587.5,31.0,28.6,34.0,7871.999999999999,14.237312207996355,42.0,47.9,0.05180714406937732,65.1,Y
480,609770.0000000001,54.9,36.9,31.1,6451.2,5.343076838333695,48.8,71.1,0.002263154652229978,69.2,Y
481,4363682.399999999,72.0,85.2,41.5,17408.0,24.239691714438585,57.7,84.8,0.01619575926072793,79.0,N
482,3762312.4000000004,66.9,33.8,56.3,13653.0,0.6524797935324954,59.2,58.7,0.0139637811161627,73.1,Y
483,2771059.1999999997,70.2,63.3,28.3,4414.400000000001,2.699922222210949,64.7,63.7,0.010284755760507532,81.5,N
484,28871640.0,44.5,38.1,31.6,18342.5,21.75638795836056,62.7,50.8,0.10715677449449645,72.5,Y
485,999328.0,47.1,84.1,65.4,12934.0,1.1303898335117044,37.3,57.8,0.0037089948870946067,77.4,N
486,4360137.600000001,65.6,49.4,37.4,10932.4,17.684176766986504,55.1,61.5,0.01618260277449341,76.9,N
487,5644512.000000001,72.5,68.1,27.9,11102.800000000001,6.510238124545304,71.2,57.1,0.020949544241874698,65.2,N
488,7603655.600000001,56.6,34.0,38.1,22669.5,19.18642560492129,40.7,60.4,0.02822088417779575,65.4,N
489,43327488.0,74.3,58.2,41.3,19536.0,5.703788138240159,56.3,25.7,0.160809495443591,71.2,Y
490,14291200.0,53.8,27.2,36.0,19052.8,16.71644703054239,57.3,40.2,0.0530416317069535,61.7,Y
491,315494.99999999994,85.2,60.9,51.7,16653.0,5.928771647194044,66.5,72.4,0.001170956224486768,83.7,N
492,1431584.0,54.6,49.1,44.1,2907.2,0.023620515633869694,62.1,34.6,0.005313308279610344,74.3,Y
493,4349906.4,54.3,31.3,28.1,5220.8,0.015581263127665192,47.9,42.8,0.01614462978815775,72.4,Y
494,27283635.000000004,65.8,89.7,59.5,27083.100000000002,3.5855225087959126,48.1,88.1,0.1012629113928114,69.6,N
495,12155136.000000002,51.0,68.2,48.9,6188.0,17.1804329295804,48.8,80.8,0.04511365365119319,81.9,N
496,5044089.6,54.9,46.3,25.6,8729.1,6.128823463045038,43.9,56.9,0.01872108310429316,84.8,Y
497,26440704.0,64.1,76.9,18.2,11205.2,7.259462115310693,37.8,55.0,0.0981343822520553,66.8,N
498,2971425.6,83.5,49.4,51.7,22755.6,2.827322923296892,72.7,50.7,0.011028413451621514,77.1,N
499,1380591.3,74.0,37.9,56.3,575.2,0.23036421073076463,37.9,53.9,0.005124049434087003,76.6,Y
500,2806876.8000000003,73.4,58.5,32.6,29662.5,0.15927532454282478,48.7,61.5,0.01041769238919001,83.9,N
501,3352536.0000000005,43.6,40.6,58.6,24542.699999999997,0.7483631173890642,42.4,74.7,0.012442900511944638,88.6,Y
502,10730880.0,66.4,40.6,51.0,18007.399999999998,0.893671067500246,89.5,82.7,0.03982754316303134,65.2,N
503,2161411.1999999997,55.7,37.1,54.9,25856.399999999998,2.1732941731435846,54.7,52.6,0.008022053909936495,67.0,Y
504,25205760.000000004,65.4,67.5,21.6,8150.3,0.7643842841951733,35.7,60.5,0.09355090117092062,76.0,Y
505,27665835.599999998,41.8,44.8,43.8,20185.199999999997,3.0767056402572175,71.2,33.2,0.10268144471845073,79.4,Y
506,15877555.200000001,77.6,60.0,35.0,4628.4,2.1061665802109606,57.3,65.9,0.058929371594073604,59.9,N
507,2280499.2,65.7,38.4,37.6,13235.2,0.038032230651026865,41.2,52.7,0.008464047712886403,41.5,Y
508,2505252.0,73.6,65.5,69.1,22222.1,34.789709065759816,62.8,26.7,0.009298215259537947,88.1,N
509,5106816.0,78.6,65.1,43.7,12005.6,2.5876025070735764,60.3,86.3,0.018953891448386242,67.7,N
510,25331292.0,79.5,60.6,21.4,6654.3,0.7235970750921502,62.9,76.3,0.09401681180903619,71.6,N
511,33774432.0,65.2,36.4,43.4,8037.900000000001,10.72702081252842,61.6,76.2,0.1253534331095741,62.4,Y
512,8154537.6,65.6,26.7,72.4,982.5,0.5532489805724177,75.8,69.3,0.030265476665339835,78.2,Y
513,16816128.0,84.5,63.1,35.6,19899.0,0.6622821558484152,64.4,78.0,0.06241287422420713,67.6,N
514,13173375.6,67.3,16.4,43.2,19866.0,0.9975359763189672,59.9,53.3,0.04889283873380596,78.1,Y
515,1681612.8,60.7,66.6,59.3,19350.0,0.8932430069228516,60.3,74.1,0.006241287422420712,75.7,N
516,11076912.0,54.4,31.8,37.2,25344.0,2.671514121975773,53.6,65.6,0.04111183712734648,82.0,Y
517,3166732.8000000003,58.1,63.7,60.6,5972.4,18.64456201378917,38.2,86.5,0.011753293977547702,76.5,N
518,379008.0,24.3,68.2,48.5,15372.5,16.404709935932804,85.4,63.4,0.0014066840258333128,56.5,N
519,5357880.0,73.2,38.6,36.6,20592.0,5.483416075062642,56.1,53.4,0.01988571272461739,67.4,Y
520,9223987.5,60.7,19.6,65.2,7909.400000000001,0.6877722033351757,62.3,67.7,0.03423472821348403,78.4,Y
521,262310.39999999997,69.7,69.1,55.4,17946.5,9.70473712508649,68.8,76.7,0.0009735621662074323,77.0,N
522,551040.0,83.0,65.6,24.7,20726.399999999998,7.81297699227763,62.5,68.1,0.0020451789028072985,76.3,N
523,2754150.0,61.3,66.5,19.1,5412.0,17.12983737264681,57.4,64.3,0.0102219974505784,69.0,N
524,5231776.0,73.8,18.9,65.0,27559.8,3.5053688896121216,45.3,41.0,0.01941767911478941,61.7,Y
525,419580.0,68.6,68.3,31.8,9370.2,5.21192924386645,40.8,78.0,0.0015572665578540328,76.1,N
526,4258702.8,77.9,72.5,63.4,13957.800000000001,3.9165680192555556,48.5,73.5,0.015806128629294373,71.2,N
527,1043280.0,68.3,54.5,48.7,9905.1,7.589888711207956,47.8,54.4,0.00387212225196138,74.2,Y
528,1167894.0,54.1,60.5,36.6,7085.4,1.7772391482881535,75.7,74.3,0.004334625743167877,67.0,N
529,14421000.0,51.2,32.2,51.9,19544.0,33.26231029857559,66.6,42.9,0.053523382980153994,61.6,Y
530,7877034.0,100.0,51.0,49.0,3915.0,2.439964366847131,52.5,69.5,0.0292355251043405,58.3,N
531,3575610.0,43.7,14.3,49.4,22113.0,1.4435213014531902,63.5,47.5,0.013270837210850034,49.9,Y
532,2491507.1999999997,46.0,59.8,20.4,986.0,5.5739567221272655,33.4,57.9,0.009247201585424802,68.4,Y
533,6564873.0,69.7,37.1,61.9,21968.1,9.532545690926243,64.1,72.6,0.024365453976497635,57.0,N
534,2877732.0,46.8,33.3,46.1,15623.6,1.4410382960730803,49.0,33.2,0.010680670685128943,85.9,Y
535,12586117.5,55.0,53.9,49.9,10976.0,27.42606296367483,49.3,77.7,0.0467132367509686,82.0,N
536,11860560.0,60.9,35.6,36.0,2540.0,10.82712992032541,81.9,56.7,0.04402033806525866,89.5,Y
537,3934313.5999999996,59.0,44.4,24.2,3521.6,20.178699365971834,53.2,63.7,0.014602161679275251,76.4,Y
538,4885189.199999999,63.9,54.7,44.0,7671.8,8.589814201323447,43.9,51.5,0.01813132601637279,83.6,Y
539,10224144.0,53.4,43.4,42.8,1989.8999999999999,15.815106388800407,62.0,66.6,0.037946798069221514,70.4,Y
540,7857260.0,61.2,41.8,26.0,2004.0,1.9926892310658164,50.6,50.2,0.029162134120702086,71.2,Y
541,2999751.9999999995,63.6,57.4,12.2,2864.4,18.748680967953295,57.8,67.4,0.011133546573849445,65.3,N
542,2401624.8,61.4,54.2,17.5,20965.0,0.8624940039432881,54.5,46.6,0.008913604045838408,75.3,Y
543,1753358.4,53.2,31.6,32.7,3397.2000000000003,6.1582374460169085,44.0,26.6,0.00650757042817211,67.1,Y
544,13173888.000000004,68.4,59.3,56.6,8964.800000000001,1.396097838799215,79.7,87.7,0.04889474050077352,74.1,N
545,17001600.0,55.1,44.4,21.4,16902.3,3.094490877028374,66.0,43.8,0.0631012515134447,49.0,Y
546,959262.0,69.3,67.0,43.6,17355.5,1.4012818714517252,72.8,85.6,0.0035602903685117864,82.5,N
547,2690688.0,66.6,66.4,14.1,22355.399999999998,1.691040937839037,60.9,68.5,0.009986458935171248,60.8,N
548,7197881.6,39.5,38.4,32.1,6713.5,33.16268997876099,68.8,56.2,0.026714858437182135,87.0,Y
549,16110897.600000001,73.1,44.5,29.8,2028.4,29.823500549218853,66.8,63.9,0.059795419346705764,71.3,N
550,2635512.0,88.0,79.3,39.1,358.0,1.2526954649679416,45.0,76.3,0.009781673817681963,66.5,N
551,2784196.8,82.1,48.3,40.2,24276.0,10.567541805440365,49.3,59.9,0.010333515818495191,57.6,N
552,5442720.0,59.1,72.8,33.9,13193.6,9.891646231444518,47.2,93.9,0.02020059545203132,68.5,N
553,4106232.0,76.5,37.5,44.5,10071.7,33.117087565605665,59.5,61.7,0.015240234931097954,94.0,N
554,626749.2,39.1,90.2,51.2,6770.4,10.93676799296136,68.4,35.5,0.002326172766389649,70.9,Y
555,457632.0,60.5,89.3,33.0,13437.900000000001,1.3389873803769736,68.2,89.2,0.0016984961375753295,61.1,N
556,37311004.8,72.8,33.3,63.1,2914.8,10.1704066514195,84.8,79.1,0.13847938418173242,78.1,N
557,19224504.0,53.5,33.1,59.0,13534.300000000001,2.769955638190288,53.8,29.5,0.07135153527463436,79.6,Y
558,936768.0,52.2,48.7,44.4,12499.2,28.25759045868084,80.2,73.4,0.003476804134772407,67.8,N
559,1777083.0,52.7,49.9,29.3,6669.0,6.393339820619804,43.6,48.6,0.006595624020284377,84.5,Y
560,5892583.199999999,77.2,80.9,61.6,16362.400000000001,8.055177720659618,33.1,80.6,0.021870257773803574,77.4,N
561,25569630.0,40.3,30.7,28.9,15233.699999999999,16.877649700489094,51.6,70.8,0.09490140067615525,75.3,Y
562,1506959.9999999998,84.0,85.8,48.1,7932.8,0.4213740747603849,56.1,79.4,0.0055930654750553244,76.8,N
563,18325958.4,49.8,34.8,39.4,19212.8,13.367479125560823,37.9,43.5,0.06801659315731017,87.5,Y
564,9631974.2,61.5,76.6,35.1,10635.800000000001,6.760185954270474,78.2,82.7,0.035748966365824995,65.8,N
565,14059815.0,68.5,62.0,24.7,27174.3,2.751971237225442,42.6,59.4,0.052182848822905054,75.6,N
566,4770000.0,60.3,28.8,40.7,20808.0,2.2471755298803786,46.2,57.5,0.01770380256676614,82.4,N
567,5674240.0,54.1,64.7,55.0,2304.0,17.873422154410108,34.4,73.1,0.021059879387095835,76.6,N
568,912384.0,53.4,35.7,50.7,14646.4,3.6467308896061703,82.4,61.2,0.003386303186808462,71.7,N
569,3862174.8000000003,82.2,69.7,42.5,16530.8,6.291452684841981,33.4,75.3,0.01433441931604602,72.0,N
570,157819.2,85.3,66.7,40.2,15857.0,20.158081327840833,49.8,65.3,0.0005857442260052366,76.9,N
571,2651376.0,46.3,19.6,32.1,8217.3,19.574030042690666,50.5,40.9,0.00984055287930024,74.5,Y
572,277635.6,68.5,39.0,33.7,15056.9,0.36142815517259674,65.6,48.5,0.0010304414775483557,80.1,N
573,3011971.2,83.9,45.1,41.3,6642.400000000001,10.332646655561808,73.1,27.9,0.01117889800033243,38.3,N
574,4954867.2,76.1,26.7,51.1,16509.2,10.743191563065253,78.1,65.7,0.018389935147451863,64.6,N
575,1377288.0,39.7,38.3,34.2,9372.0,7.59122812498737,54.2,39.7,0.005111789272447842,84.9,Y
576,1964160.0,70.1,64.1,54.2,28275.0,1.2994964528506359,58.8,86.3,0.0072899582493793245,75.1,N
577,18656227.799999997,85.8,53.1,34.3,15346.800000000001,8.590666377137927,58.6,78.7,0.06924238440499242,77.7,N
578,10957615.2,65.0,21.5,57.8,19040.0,8.774552737544727,50.0,40.5,0.040669068365491744,76.5,Y
579,32890368.0,62.3,77.3,42.0,14707.199999999999,0.3952515726829059,33.0,27.7,0.12207223929146395,58.1,Y
580,13506831.499999998,69.1,28.1,46.2,15475.5,26.221722552461205,69.6,35.9,0.050130456641211255,64.1,Y
581,987000.0,66.8,51.4,46.7,13671.0,6.195768417614134,68.5,70.8,0.0036632396506075847,85.8,N
582,1777932.0,66.9,70.2,38.3,16752.6,3.813195442606593,43.9,72.3,0.0065987750744519215,67.7,N
583,374707.2,72.7,48.3,57.1,2999.7000000000003,3.433281718358612,47.8,76.4,0.0013907216539089627,75.7,N
584,715875.0,49.4,32.9,42.8,22715.0,16.92132827531373,48.4,23.9,0.002656962193392811,81.3,Y
585,3440531.4,25.5,57.3,47.9,23133.2,0.2766845065629792,70.2,30.4,0.012769494471773479,72.3,Y
586,14938560.0,45.5,43.3,16.8,10358.4,0.0026870190966917814,34.8,54.5,0.055444301230983234,63.3,Y
587,8800713.0,53.8,36.5,50.0,12815.400000000001,6.165340484654814,58.4,62.2,0.032663749559491015,70.8,Y
588,843814.4,67.9,57.2,20.1,8586.0,20.150003157731,55.6,73.9,0.0031318078701455406,64.1,N
589,40005010.5,51.0,32.9,20.9,10591.800000000001,0.06690363613085049,80.9,64.8,0.14847815672398454,65.3,N
590,12143914.999999998,59.6,45.4,20.9,4135.6,7.78444250832466,37.1,52.9,0.045072007033037695,64.5,Y
591,11511352.799999999,76.9,55.2,37.8,29074.5,3.8141190675996044,46.8,67.3,0.04272425938104624,69.1,N
592,28274175.999999996,55.2,33.7,31.8,10032.3,0.6026433629619716,40.2,54.0,0.10493929342599533,80.1,Y
593,1163701.0,50.5,56.9,34.5,9027.199999999999,2.9064545159968107,74.0,54.6,0.00431906346975856,54.7,N
594,2267307.0,42.7,24.9,93.6,17877.6,0.792527296981668,87.6,60.0,0.008415085007598916,64.8,Y
595,30550806.0,57.1,33.7,59.6,7332.599999999999,3.6931910030748236,48.3,54.3,0.11338898064561309,73.8,Y
596,17579485.0,58.1,40.6,42.5,14696.0,36.3824185225719,48.9,52.4,0.0652460653386639,75.8,Y
597,8853600.0,73.2,26.7,62.3,8548.4,23.224856646586268,60.8,43.7,0.03286003907864165,68.6,Y
598,900081.0,67.2,83.2,28.8,18724.6,0.7414940237574201,58.0,75.8,0.0033406407375466325,74.0,N
599,3454635.5999999996,55.2,54.0,29.4,1358.0,11.447334008339876,52.6,45.8,0.012821842055035991,74.7,Y
600,17465084.099999998,61.8,24.9,36.2,1360.8,3.3555755763325767,78.8,58.2,0.06482146765584204,76.8,Y
601,6774963.0,66.7,28.3,46.6,15437.6,1.3047150623381998,53.5,72.7,0.025145200702126964,78.4,Y
602,879903.0,83.6,59.7,27.6,7977.200000000001,6.2169705971239075,52.4,80.8,0.003265750312349103,62.0,N
603,640785.6,62.7,52.8,76.0,16356.0,6.966124242401294,34.9,74.3,0.002378268710697438,54.2,N
604,6513607.800000001,48.1,29.8,23.2,13680.0,11.117772889370315,52.9,60.9,0.024175183750219698,66.7,Y
605,6475559.999999999,71.7,50.4,44.8,66.8,16.387519282467593,82.3,81.0,0.02403396975875224,61.6,N
606,37319027.199999996,81.1,41.6,51.4,16856.2,3.5841831767017958,39.6,72.3,0.1385091592311479,82.5,N
607,6093528.0,49.5,24.8,37.6,20078.4,0.34791376536823465,63.3,42.0,0.022616062190159613,82.4,N
608,863520.0,56.0,23.5,58.3,7775.099999999999,13.792029422471241,43.4,36.2,0.0032049449879358273,54.2,Y
609,1029671.9999999999,78.6,43.1,42.4,13499.5,1.3225666849281408,67.7,66.6,0.0038216163095444924,59.3,N
610,13955437.400000002,78.6,39.4,39.1,11908.2,2.9120392872093097,74.5,56.7,0.05179545250785414,86.3,N
611,2576397.6,51.0,25.6,45.6,25274.7,0.9096847475387332,53.8,44.0,0.009562271371884723,62.4,Y
612,5372136.0,71.2,72.3,54.3,10287.0,0.7220810879418157,69.7,64.1,0.019938623711911276,90.8,N
613,2924812.8,98.4,42.7,51.0,2902.6,12.893718368994913,59.7,62.6,0.01085541055680303,77.1,N
614,3819160.8000000003,50.3,29.6,66.0,25169.800000000003,2.122475333349954,49.1,65.2,0.014174773327868477,81.5,N
615,1403136.0,40.1,44.0,23.9,11442.6,23.03589075488144,49.4,71.9,0.005207723840319072,74.0,N
616,4961376.0,56.8,26.5,31.6,2970.0,2.489790703120546,71.6,33.4,0.018414092487105228,76.6,Y
617,3707445.0,42.9,26.7,42.5,26867.0,3.7358511583688228,51.4,60.5,0.013760141364181194,77.2,Y
618,3955570.2000000007,64.0,58.6,32.2,19496.9,13.147438262237879,70.9,93.7,0.01468105531651649,63.8,N
619,2616786.9,64.6,71.6,37.5,10439.0,0.20908363882792216,73.3,49.0,0.009712175814863734,86.2,N
620,21555534.0,51.5,13.3,59.1,14625.0,1.052927691076439,38.1,50.2,0.08000312749627145,68.6,Y
621,3981640.0,52.9,73.8,44.0,22777.9,3.214046383096172,46.6,76.9,0.014777813092649628,76.4,N
622,8214998.399999999,37.8,55.5,44.5,648.6,4.594529951768546,53.3,69.7,0.030489876259937047,64.9,Y
623,1811975.0999999999,67.2,50.5,45.8,9870.0,11.028333508724629,48.3,50.5,0.006725125665890216,81.7,Y
624,34125156.0,64.1,35.9,18.6,2064.6,1.5336556686430538,51.8,65.3,0.12665514138031342,53.0,Y
625,4360683.600000001,64.9,62.3,56.8,1800.0,3.489319938604546,61.6,54.9,0.01618462924749162,80.1,N
626,660240.0,58.1,55.0,14.8,5338.2,1.521436700987515,69.8,54.9,0.0024504735024489886,60.0,Y
627,3466184.4,78.1,62.2,37.9,22937.100000000002,0.2663513600108855,54.1,82.2,0.01286470529928821,71.4,N
628,354600.0,79.4,42.1,54.1,14511.6,0.04386863437070755,59.3,81.0,0.0013160940021331809,82.1,N
629,1697696.0,50.8,31.8,40.1,17442.0,0.8281939336111317,65.9,66.3,0.0063009800424294795,81.9,Y
630,5544935.999999999,45.6,37.4,52.7,1324.8,9.941366712416245,45.2,73.0,0.02057996901244318,74.5,Y
631,865920.0,64.2,54.5,35.6,20304.899999999998,16.728465118275317,41.4,66.2,0.0032138525615543266,93.9,N
632,2357107.1999999997,72.1,66.0,28.2,23290.0,7.238887988387241,74.1,58.1,0.008748377462788878,78.5,N
633,13575971.199999997,53.9,42.6,21.3,22320.0,0.9543973762320193,77.1,59.5,0.05038706787775748,76.5,N
634,985881.5999999999,29.0,35.2,48.2,15582.699999999999,18.62768516979988,79.5,48.9,0.0036590887213013637,59.6,Y
635,1495200.0,75.4,74.5,44.8,16750.4,11.406767775209449,40.4,81.1,0.005549418364324683,72.1,N
636,260568.00000000003,79.0,59.4,47.6,20391.2,1.8137860038513482,85.9,66.1,0.0009670952677604028,81.1,N
637,2685023.0,62.6,97.3,51.4,10467.4,0.5500266782128856,56.9,69.6,0.009965433349942583,79.3,N
638,2306550.4,71.7,50.7,24.7,20655.0,3.106058549687698,68.8,69.9,0.008560736455323997,67.4,N
639,2412779.6,75.0,58.2,33.6,27362.5,14.236923938323095,35.5,47.0,0.00895500496342159,64.5,N
640,18891889.2,51.4,72.6,52.1,12986.999999999998,7.451468692314316,69.2,78.2,0.07011703910063344,96.6,N
641,14526708.0,31.5,25.1,40.6,15171.6,17.415709935261454,43.5,49.1,0.053915717060180765,73.2,Y
642,8923164.0,72.8,48.2,28.3,21085.8,2.0387377017374457,39.9,76.3,0.033118225099973836,72.8,N
643,23440166.400000002,53.7,58.5,43.1,4350.5,0.4593984912221101,56.0,58.6,0.08699791993244141,80.0,Y
644,83516.4,75.2,45.6,22.8,22855.2,0.26581032597933973,64.5,75.2,0.0003099702005633265,68.8,N
645,5450544.0,54.2,42.2,48.3,23211.600000000002,5.952440367730406,52.6,69.0,0.02022963414202763,83.2,N
646,5685220.199999999,61.1,41.4,28.9,118.4,0.446296384127924,61.0,56.1,0.02110063227869826,74.8,Y
647,2708992.0,74.3,42.6,50.6,15227.999999999998,31.129648319190462,80.7,90.2,0.010054394029968331,49.6,N
648,36517465.6,44.9,45.1,43.5,9613.3,0.43979209381682727,57.3,56.6,0.13553417216374722,81.6,Y
649,747720.0,78.6,41.1,53.2,14052.599999999999,4.25088862709213,79.7,89.5,0.0027751545608432657,70.9,N
650,3394227.2,75.1,88.7,44.1,808.8000000000001,28.822001614667457,58.4,73.2,0.012597636942462779,66.6,N
651,9034099.200000001,68.6,26.3,30.6,2652.0,18.796301085161208,55.6,44.5,0.033529959875341714,74.0,Y
652,662285.9999999999,61.0,69.7,41.9,9379.5,18.587679453608953,59.4,71.8,0.0024580672089587583,86.5,N
653,3514569.2,78.4,50.5,45.2,14225.599999999999,9.679805830047492,65.2,68.4,0.013044284952628344,63.8,N
654,30524774.400000002,66.7,28.4,48.5,20671.2,0.1621397393236296,45.9,28.4,0.11329236464836004,80.2,Y
655,2462886.4,67.8,77.8,17.4,18281.899999999998,4.793840038300211,61.6,66.2,0.009140975800833001,54.8,N
656,9680159.999999998,63.2,51.0,27.9,18244.8,2.4478894313446795,68.4,40.9,0.0359278074328526,68.7,Y
657,8570820.600000001,63.8,52.1,57.5,6336.0,0.36356494578209747,26.8,71.8,0.031810506443935446,81.3,N
658,7734375.6000000015,74.2,36.7,31.3,3416.2,2.248592570543423,69.7,50.0,0.02870605002088331,78.3,Y
659,4926768.0,61.4,44.9,38.9,10034.0,18.097339503824756,53.4,80.9,0.018285645275526476,86.8,N
660,12127881.6,54.4,42.7,24.5,14067.9,2.180506787904119,34.7,37.8,0.04501249924518151,60.0,Y
661,632385.0,54.7,26.2,56.3,9788.7,8.625791766944278,29.3,69.3,0.0023470899761392884,71.8,Y
662,1754423.9999999998,39.6,56.6,45.8,26285.8,5.432646963194785,82.1,72.8,0.0065115253908587245,84.7,N
663,1977015.5999999999,75.0,78.1,33.4,20459.2,0.16143170022321338,68.0,65.8,0.007337671667466815,61.8,N
664,41735142.39999999,53.1,43.4,36.9,4180.0,4.886530548336149,65.1,49.7,0.1548995222527191,93.0,Y
665,2837361.8000000003,50.5,21.8,45.4,10789.800000000001,2.1491929735563016,65.1,70.5,0.010530837131589978,67.6,Y
666,2372656.0,60.2,34.3,52.3,11289.599999999999,0.18565175247543445,23.2,70.1,0.008806086663071925,53.1,N
667,5328582.0,57.8,15.6,44.6,13869.7,5.171781792223466,54.6,43.8,0.01977697351966957,57.2,Y
668,3960360.0,74.0,51.3,34.8,17292.0,1.7482397470173339,49.1,73.4,0.01469883260656561,73.9,N
669,861246.0,81.6,41.9,39.2,12537.0,0.35091137212854906,56.6,51.8,0.0031965050619323,69.9,Y
670,23316249.6,59.9,24.2,58.8,1708.1,3.4857046048200315,66.2,29.4,0.08653800409137109,82.3,Y
671,2338299.6,78.7,31.4,54.8,15231.2,2.2361297013001615,52.9,51.8,0.008678573262127514,76.4,Y
672,3569184.0,50.5,86.4,41.7,17472.0,3.4817639321135747,50.1,50.8,0.013246987182486505,86.3,N
673,13442660.0,41.8,40.3,60.4,14348.000000000002,12.108268720121835,40.8,59.4,0.049892284824353136,70.8,Y
674,2182498.5,60.1,39.6,53.5,20019.600000000002,1.050400776923127,78.6,52.5,0.008100319192088732,76.0,Y
675,1640047.2000000002,25.4,35.7,34.0,4067.7999999999997,3.6124330586938145,46.5,61.7,0.006087017154921935,69.4,Y
676,3750516.0,63.0,48.5,22.3,9219.6,14.382584091455014,51.8,48.4,0.01391999890723218,82.7,N
677,14623308.0,46.0,73.0,17.6,23902.0,1.8162760174518795,43.1,74.3,0.054274246898325336,64.0,N
678,4937625.0,68.7,35.5,38.8,23855.100000000002,5.351890175683598,65.8,52.8,0.018325940911683155,70.5,Y
679,3541190.4000000004,57.0,24.9,42.6,586.3000000000001,1.3884620803147196,57.9,78.7,0.01314308924380034,76.9,Y
680,1157183.9999999998,61.7,47.1,21.2,6759.2,0.22123913623941036,91.5,54.8,0.004294875695895327,57.0,Y
681,2201160.0,71.3,39.5,34.8,14080.0,32.19777556055137,53.0,73.1,0.008169581144206073,71.6,Y
682,7605821.600000001,68.2,42.8,20.4,4357.5,0.2428476545816955,41.3,67.0,0.028228923262986445,63.8,N
683,15966720.0,43.3,37.6,64.8,19873.899999999998,2.2883484011544,52.3,49.7,0.05926030576914805,53.0,Y
684,6599320.0,58.6,50.2,58.2,3471.3,2.9971725955528186,52.5,64.3,0.024493303638346155,86.8,Y
685,5818176.0,64.9,75.1,31.3,5652.299999999999,2.0759278232614276,58.8,84.7,0.021594096268909256,77.3,N
686,901692.0,65.1,54.4,44.5,3315.0,6.231723278324791,78.5,81.2,0.003346619946338048,62.9,N
687,25261190.1,80.5,74.3,24.7,20627.2,18.68305707127323,50.7,76.3,0.09375662937776674,70.0,N
688,10443825.0,85.2,52.4,44.8,8505.0,0.02376160167272613,64.4,64.3,0.03876214168592376,64.3,N
689,98166.59999999999,54.9,46.6,56.1,6873.599999999999,18.752621967784933,31.4,40.8,0.0003643442568240472,58.4,Y
690,786258.0,71.9,20.6,32.3,13702.5,9.153006202105948,62.3,48.4,0.0029181879242223085,57.1,Y
691,5573568.0,42.5,31.0,51.2,1072.0,1.342082371452763,27.2,45.3,0.020686236365711878,65.0,Y
692,705474.0,43.7,36.8,38.7,8260.0,11.430717055800118,74.5,51.8,0.0026183589962236425,71.7,Y
693,2924829.6000000006,42.7,31.4,34.6,16169.499999999998,5.955650219858986,76.4,50.9,0.010855472909818366,68.1,Y
694,2231988.0000000005,47.0,33.4,30.0,5413.200000000001,4.372834159230278,43.0,43.3,0.008283998927335688,80.4,Y
695,1510320.0,36.5,49.8,54.0,6512.0,5.7844173461306685,54.7,82.9,0.005605536078121224,77.6,N
696,1266288.0,50.2,46.9,18.4,9592.0,41.65091277362629,41.9,52.7,0.004699813992592277,72.7,Y
697,20151450.0,56.2,57.1,29.7,11368.699999999999,29.601002852144305,76.9,84.0,0.07479188516437307,81.2,N
698,2043241.2,51.3,57.3,66.8,14101.5,27.303157648570984,81.4,83.8,0.007583467253895667,85.1,N
699,14618250.0,60.6,17.2,53.9,5963.7,5.035298610644287,68.7,50.7,0.054255474186924335,73.6,Y
700,7269480.0,64.0,32.9,45.1,26040.0,1.9327949760305425,52.6,36.6,0.026980595111751597,78.2,Y
701,1162512.0,95.6,44.8,52.4,2219.2,4.087252828567686,41.2,64.4,0.004314650509328393,63.9,N
702,1084790.4000000001,87.9,67.5,42.0,3464.5,23.527580908986497,60.9,85.7,0.004026187645266933,62.6,N
703,14918904.000000004,71.3,100.0,44.6,25609.1,0.6219840382119934,45.0,40.0,0.05537134820304774,56.0,N
704,3297676.8000000007,39.1,52.1,46.9,2883.2,3.5178750779659853,67.6,45.3,0.012239291194172991,70.0,Y
705,4616352.0,80.8,70.4,38.1,24966.000000000004,3.0715740233334152,55.2,88.9,0.017133539703709847,73.5,N
706,16383376.000000002,44.1,33.0,86.2,7877.5,14.006058572367241,66.6,50.8,0.06080671993314357,57.1,Y
707,27033162.0,53.4,32.4,29.2,17556.0,6.913511539807367,47.0,41.6,0.10033328360658385,67.5,Y
708,2050128.0,39.6,19.7,25.0,21772.8,1.0492844944835136,46.5,59.2,0.0076090275363939475,63.0,Y
709,2344320.0000000005,70.6,50.0,40.7,27240.4,7.215922873116018,70.7,78.9,0.008700917910549518,75.0,N
710,6626611.2,64.3,71.6,50.4,25507.8,0.6095711764274254,34.9,74.8,0.024594594627153306,86.8,N
711,2108088.0,66.8,56.1,30.2,23976.0,6.913930618681733,68.7,59.9,0.007824145439280691,82.1,N
712,8753570.1,75.9,77.5,50.4,13721.400000000001,5.311036691365109,45.2,79.4,0.03248877920434955,76.5,N
713,1104558.0,38.8,42.4,40.7,13185.900000000001,19.177606184150388,43.5,39.6,0.004099554875375697,61.6,Y
714,9464014.0,70.7,56.5,35.5,5795.0,2.2017130556360427,49.0,23.7,0.03512558392979259,52.1,Y
715,7840627.199999999,69.8,61.8,43.0,25376.0,5.377857250062944,49.7,61.6,0.029100401666334676,94.1,N
716,13364400.0,76.0,43.8,32.0,12159.0,4.187179232684165,23.4,48.9,0.04960182369460994,60.7,Y
717,19423404.0,78.9,45.8,28.8,2665.6,0.3567544720187817,82.4,48.4,0.07208975043826744,65.9,N
718,10310991.600000001,54.7,69.2,40.1,7461.3,21.488151147978368,75.8,61.0,0.038269131981967325,83.2,N
719,886216.8,79.1,22.0,65.6,5200.0,9.538950269348268,57.6,69.9,0.0032891839116459694,73.6,Y
720,29786803.2,46.0,60.5,51.7,2548.8,12.170674452170996,70.8,61.0,0.11055339265155512,57.3,Y
721,21042021.0,58.7,18.3,52.4,17846.4,4.503247156407313,45.3,71.7,0.07809722964145639,73.9,Y
722,824428.8,73.3,47.9,30.9,24080.0,1.5120897576158798,67.1,62.5,0.0030598584288377213,76.4,N
723,519480.0,66.8,49.1,28.4,11217.6,0.0837646212348302,43.8,41.9,0.001928044309724041,73.2,Y
724,711360.0,72.1,54.0,24.7,13057.2,3.7779442380673913,73.5,67.6,0.0026402048205230112,76.0,N
725,2634508.8000000003,52.7,38.5,54.4,2467.6,9.46475116515515,49.7,84.9,0.009777950451909432,75.7,N
726,1567566.0,66.5,32.9,38.9,1537.5,2.898205384114274,60.0,51.8,0.005818003977856465,87.3,Y
727,2974320.0,67.9,66.7,38.6,23602.6,20.382155460576687,52.9,76.4,0.01103915598540542,73.9,N
728,1119887.9999999998,43.9,27.7,45.0,12976.2,6.771543717286659,68.5,43.7,0.004156452001863857,83.5,Y
729,2466105.6,42.6,20.2,64.7,17576.399999999998,2.2961806725900633,63.2,42.8,0.009152923826246615,44.0,Y
730,19339689.6,60.3,47.8,39.3,24628.8,0.31559194621296044,55.0,86.0,0.07177904536288061,77.5,N
731,8951644.8,65.9,92.2,32.7,5311.0,7.783998108159752,46.6,65.5,0.03322393127610456,77.8,N
732,8021332.800000001,56.2,52.1,35.1,28125.0,0.0019883842952775894,50.5,53.4,0.029771088514365922,86.1,Y
733,822528.0,63.7,50.9,26.3,22843.5,0.31727058600866537,52.8,82.2,0.0030528036305318704,61.6,N
734,2214037.5,49.5,36.9,47.1,32489.4,25.036543609982466,44.5,69.2,0.008217375843902827,81.7,N
735,2285421.6000000006,63.6,46.9,45.8,2313.0,8.002725791909764,57.9,76.7,0.008482317146377944,90.7,N
736,17100427.5,78.5,54.4,43.2,11298.800000000001,0.2085670329934667,36.6,91.5,0.06346804869335394,73.0,N
737,43200.0,46.5,19.0,38.3,9378.4,7.335939161481393,52.8,53.6,0.00016033632513297636,52.6,Y
738,360483.20000000007,66.6,41.0,49.8,11165.0,0.942220810467446,43.6,30.3,0.0013379294342633276,61.9,Y
739,3956988.0,45.0,42.6,52.1,2140.0,2.962263084134308,64.1,30.6,0.014686317465631617,62.6,Y
740,2380190.4,71.8,65.3,47.0,15565.2,13.38542287082747,46.8,42.6,0.0088340505058516,90.2,N
741,33081048.0,62.6,60.6,55.2,4576.0,0.44181359500629214,18.3,45.4,0.12277994601545364,83.7,Y
742,3446325.0,63.6,54.5,50.3,18300.8,0.9163828369215499,37.0,56.8,0.012790997354488536,80.3,N
743,7349238.0,57.4,93.4,32.6,3031.6000000000004,3.226332118575862,60.8,49.7,0.027276616052028357,64.6,N
744,5858127.6,54.9,37.8,20.5,13049.4,7.9787921453125605,43.3,47.8,0.021742376193149594,74.6,Y
745,1781644.8000000003,39.8,57.5,69.5,7629.099999999999,7.525673203283484,27.5,59.5,0.006612555090839738,85.5,Y
746,18602496.000000004,52.8,40.9,60.1,19946.5,2.9844061554590793,43.9,58.2,0.06904295941992807,62.2,Y
747,945210.0,54.1,46.7,47.1,5907.5,6.433597535302227,55.3,62.9,0.0035081365249754757,77.3,Y
748,7347000.0,60.4,55.1,27.5,15960.0,2.50729017137023,25.9,37.9,0.02726830973962911,76.2,Y
749,991440.0,58.8,60.8,29.4,7356.799999999999,0.5387017543883321,61.2,75.7,0.003679718661801808,75.8,N
750,1305348.0,84.1,73.7,43.3,12834.0,0.5445315857429002,63.7,79.9,0.004844784753233344,81.0,N
751,2063600.0,32.9,46.2,37.7,9979.2,0.02954549659144321,67.9,74.8,0.007659028716305786,76.5,Y
752,6837000.0,35.8,22.2,30.0,13845.0,20.59462033270525,58.6,48.2,0.025375450345698134,55.5,Y
753,14752565.1,83.3,74.7,42.4,4374.7,38.79642924323967,71.2,86.4,0.054753983204143514,64.0,N
754,35606760.00000001,57.9,69.1,58.6,37272.399999999994,17.86700824933619,52.5,61.0,0.13215409834008934,81.0,Y
755,8288595.0,57.7,40.2,45.2,23899.2,0.5295750126085195,63.6,31.5,0.030763029231841717,82.4,Y
756,31593290.4,62.6,49.3,2.8,18658.4,1.039553415480518,55.2,55.0,0.11725815003691989,47.9,N
757,4702454.399999999,70.3,58.8,15.3,6333.599999999999,7.534871160662002,71.4,73.6,0.01745310781484711,61.7,N
758,4696473.6,54.3,85.0,43.8,13624.5,3.962447703477033,57.2,84.9,0.017430910141389817,65.7,N
759,4053640.5,77.3,56.4,39.2,5393.7,2.6806156836434525,72.8,67.7,0.015045042156949094,84.5,N
760,16008300.0,81.5,46.6,39.4,22328.6,6.788070202836691,47.2,51.8,0.05941462948208856,86.8,Y
761,12285436.799999999,53.8,45.6,43.4,5402.7,1.8338831614863664,53.6,77.7,0.04559726363808872,88.2,N
762,3486542.4,36.6,54.9,67.2,13961.199999999999,9.200442732034787,70.2,43.8,0.012940263792507125,89.0,Y
763,3034828.8000000003,57.7,80.3,35.6,16729.399999999998,10.392809345155355,23.5,55.1,0.011263733731475014,71.4,N
764,3763821.5999999996,52.9,63.8,41.7,4989.6,13.977364217206947,35.9,77.9,0.013969382495373132,76.9,Y
765,3124321.1999999993,59.7,34.3,33.7,5441.7,5.186570940483709,59.2,28.6,0.0115958837903484,79.6,Y
766,1949094.0000000002,69.4,74.4,58.6,7441.2,8.675466984169454,81.3,85.7,0.0072340409559892,83.2,N
767,6982272.0,55.6,67.3,23.0,6414.799999999999,2.208577701203314,72.0,51.5,0.02591462577682586,83.9,N
768,1742714.4,24.1,35.8,38.5,18958.399999999998,1.8032170042439304,88.8,51.2,0.0064680653391740684,59.6,Y
769,8589672.0,70.1,26.2,37.1,8041.599999999999,7.745559143946418,40.7,51.9,0.031880473207815355,69.9,Y
770,2456595.0,66.9,42.7,62.0,2332.2000000000003,2.0951495297236282,60.7,30.9,0.009117625338889908,81.6,Y
771,8513740.8,70.1,58.1,25.0,30055.300000000003,5.701518492600871,71.8,47.3,0.03159865539367329,69.3,N
772,6623628.0,44.4,49.5,25.1,7364.5,16.80009996369262,42.5,46.1,0.024583522513145512,66.0,Y
773,38394972.0,87.5,65.4,19.8,2112.8,0.831859867096389,55.0,65.3,0.14250251652924822,64.8,N
774,22550083.5,63.6,27.4,52.3,7124.0,1.5401724010020392,46.3,32.7,0.0836943870331427,50.3,Y
775,1156870.0,78.0,36.6,44.5,8790.6,2.336086844383499,29.8,63.3,0.004293710288346906,70.8,Y
776,6275692.800000001,70.5,42.7,47.4,14109.1,17.660337270926433,85.5,30.0,0.0232921648429509,76.1,N
777,3158664.6,78.6,52.8,57.1,19740.1,10.93499244190652,74.5,51.0,0.011723348941935711,84.7,N
778,324083.5,35.3,21.1,48.5,4194.3,3.7818796537357393,45.3,83.6,0.0012028323478294664,61.8,Y
779,2815800.0,80.0,52.1,78.2,10416.6,2.1244045313094877,49.9,93.8,0.010450810747903584,73.9,N
780,4892111.999999999,59.5,25.6,36.4,15800.0,3.4763504196737975,60.1,43.0,0.01815701991247535,79.7,Y
781,27629532.0,65.3,44.7,43.8,29212.0,13.672259690071996,53.4,37.7,0.1025467043061105,72.4,Y
782,5784891.0,49.9,49.1,24.4,25889.4,8.258572368297381,44.0,61.0,0.02147055935728771,88.1,Y
783,3495954.0,47.2,29.3,49.7,9519.5,0.4379325319139683,52.4,31.2,0.012975194842452067,48.6,Y
784,1031029.0000000001,51.7,34.0,41.1,20310.4,15.554753791185897,39.5,38.4,0.003826652800127951,64.5,Y
785,96140.0,53.8,71.9,45.8,3442.7999999999997,0.19726240720695454,44.9,55.9,0.0003568225532010267,99.8,N
786,25148760.0,51.6,30.1,46.5,10964.9,7.093891700911473,44.0,56.3,0.09333934629748125,67.7,Y
787,2731007.9999999995,40.8,38.7,27.2,10905.199999999999,18.875675779052155,47.2,46.8,0.010136106171962025,50.8,Y
788,28486080.0,59.3,40.8,26.6,21813.600000000002,13.306451854472181,35.1,36.3,0.10572577279268462,69.9,Y
789,1780170.0,45.7,21.3,23.2,14400.099999999999,2.558096924926223,51.6,60.9,0.006607081386851169,63.7,Y
790,8397496.8,57.3,28.0,45.1,10936.800000000001,1.2335600229822474,49.0,55.4,0.031167217065461314,73.8,Y
791,2306618.9999999995,66.9,37.7,35.6,17766.0,4.163366568621935,27.7,69.0,0.008560991063469926,70.5,Y
792,2457734.4,64.6,43.8,38.7,28028.0,0.12751863644129718,62.4,55.3,0.00912185420946529,66.9,Y
793,2303481.6,42.7,44.8,66.8,17652.8,3.159726958014953,42.9,73.7,0.008549346637857143,78.3,N
794,491680.79999999993,61.3,85.6,43.6,3648.0,2.9545709137016956,65.4,59.0,0.0018248678845009703,78.1,N
795,3925959.0999999996,61.4,29.4,59.5,7932.8,2.9669873078398603,62.5,27.3,0.01457115404436035,55.3,Y
796,1320307.2000000002,80.8,63.9,64.1,23740.6,5.258957871984435,61.9,91.3,0.004900305659597447,81.5,N
797,892320.0,72.7,41.3,35.3,14053.5,7.191945951227989,55.2,46.4,0.003311835871357812,78.4,Y
798,3025401.6,80.6,58.7,46.1,8053.400000000001,23.69529091283906,75.0,44.1,0.01122874478230155,83.6,N
799,11366724.000000002,49.2,27.6,39.0,14137.6,9.919479247297263,77.3,23.1,0.04218747117964828,53.9,Y
800,9439815.0,65.7,32.7,56.2,15075.000000000002,17.69953553242953,47.2,67.1,0.035035769607295084,76.9,Y
801,283824.00000000006,53.5,29.2,53.0,17157.800000000003,16.058436384838796,43.1,41.7,0.0010534096561236551,84.6,Y
802,285926.4,75.3,55.5,62.5,6324.0,3.0962950561970963,39.4,49.0,0.0010612126906134596,81.4,N
803,3078400.0,59.8,55.3,38.3,5299.0,0.04381562121275339,41.0,67.3,0.011425447761327649,91.1,N
804,17550914.4,42.6,41.7,52.4,13103.5,0.3918414719577656,49.9,39.9,0.0651400258708203,73.5,Y
805,4573195.2,32.5,36.0,44.7,1472.1999999999998,22.35921807325687,57.0,68.2,0.01697336371490201,51.3,Y
806,45994126.5,64.8,59.5,25.9,14245.0,4.01894451284178,44.6,69.8,0.17070669492387144,70.8,N
807,1792560.0,71.8,29.0,48.0,17114.0,4.510917261137721,78.1,70.2,0.006653066735656668,60.4,Y
808,7972316.0,70.0,76.8,23.5,2415.6,28.521570655561348,91.3,52.9,0.029589163199972908,53.0,N
809,8624950.200000001,25.5,38.5,47.7,7929.599999999999,16.39998990539869,39.1,63.4,0.032011407859327067,64.2,Y
810,2789668.0,60.7,45.1,38.9,17935.2,27.786858460843483,51.7,21.5,0.010353822117154163,62.8,Y
811,19840805.6,74.9,39.8,32.4,15048.0,4.036756182087528,43.0,31.5,0.07363893188846711,68.5,Y
812,7051128.000000001,65.4,22.0,47.2,16632.0,3.3597542485665666,73.7,36.7,0.026170184063940585,62.6,Y
813,13664555.099999998,64.1,45.4,33.6,10161.2,8.331720862979466,42.2,44.1,0.050715846048867363,73.9,Y
814,8788718.4,38.9,22.9,50.9,17648.5,27.360129306630377,47.5,52.5,0.03261923173343916,66.9,Y
815,865881.0,38.3,83.0,68.2,20840.4,0.23444091837436407,32.7,35.6,0.0032137078134830254,71.6,N
816,781065.6,64.4,53.0,25.5,12726.0,7.095207680572742,40.8,47.3,0.0028989163886986875,81.4,Y
817,9471734.999999998,51.8,37.1,59.0,22957.7,5.0945309700811645,71.2,35.8,0.035154240336421096,70.7,Y
818,9462420.0,83.2,58.1,59.0,6014.7,1.1358266810533075,62.5,79.2,0.035119667816314315,54.3,N
819,1802682.0,38.7,39.4,42.8,3196.8,12.192905640224886,78.3,51.1,0.006690634427392689,84.7,Y
820,10283700.0,64.0,36.2,44.7,8428.0,12.213654616215772,45.9,41.4,0.03816783950856457,82.6,Y
821,9264612.5,51.4,65.3,59.3,8216.0,16.25486676250847,49.1,98.9,0.034385507454422155,71.9,N
822,7108288.0,75.9,91.3,37.1,7756.8,2.1421971611190505,69.3,76.4,0.02638233277562116,65.8,N
823,13210792.0,61.8,54.3,51.5,651.2,0.02120395358362946,70.3,58.5,0.04903170929111397,100.0,N
824,15298429.5,71.6,53.8,27.4,19356.3,17.928206920437084,53.5,86.4,0.05677995292444253,78.9,N
825,1194816.0,49.6,24.1,38.2,14235.199999999999,0.07337944686426998,52.1,63.5,0.004434546450233387,77.9,Y
826,6809264.999999999,62.2,37.5,70.0,17836.2,8.1670851478389,35.0,79.9,0.025272512198069357,82.1,Y
827,41075066.4,29.9,37.2,65.5,8062.0,0.07319636637520917,45.5,56.3,0.15244965743446745,68.0,Y
828,5820932.0,43.5,43.7,33.2,5106.0,11.043632608631853,57.1,38.5,0.0216043251326145,71.9,Y
829,1360287.0,68.8,61.5,14.9,10353.0,22.38746908944508,62.7,77.6,0.0050486902478278015,67.6,N
830,2166021.0,80.2,38.1,54.9,13962.9,5.491300832314338,45.8,47.8,0.008039163131964226,52.0,N
831,4214970.0,63.2,61.8,39.6,490.5,2.9850571947960076,70.0,72.2,0.01564381482281809,95.7,N
832,8268691.199999999,53.3,30.5,51.2,14377.300000000001,0.4504136950032179,73.9,58.0,0.030689156496930107,66.8,Y
833,1001033.6000000001,74.1,78.0,47.4,8682.300000000001,9.072710037736183,67.6,83.5,0.003715325202746153,74.8,N
834,5552064.0,84.4,39.6,59.9,2496.6,6.689761375514336,26.5,67.2,0.020606424506090123,52.9,N
835,5423350.799999999,57.2,33.8,44.1,15246.0,9.45814291734434,28.6,69.0,0.020128706879143227,67.7,N
836,9506484.0,60.0,68.1,36.5,19602.7,6.68963767231111,80.5,43.0,0.03528321086794995,84.1,N
837,2973370.4,57.7,32.0,25.6,1903.4999999999998,11.123751195147745,56.0,31.8,0.011035631555443704,72.6,Y
838,3097913.0,67.6,52.9,68.8,8911.2,7.115212212593368,51.8,61.3,0.011497870046335054,94.5,N
839,15804093.6,59.4,62.0,16.8,10751.0,5.255996603321197,55.1,73.0,0.05865671967318497,61.2,N
840,313983.5,79.0,50.6,22.7,13063.699999999999,5.4548238138406315,67.0,78.3,0.0011653463088516175,61.3,N
841,134092.8,40.8,43.1,76.7,15219.1,2.857381042705375,58.7,68.8,0.0004976839532127586,48.0,Y
842,1034208.0,46.3,29.4,51.9,22232.399999999998,8.79479800223633,25.6,63.5,0.003838451623683454,64.8,Y
843,2015078.0,46.8,66.0,61.8,9889.199999999999,5.902398683917377,37.6,60.5,0.007478939846673792,61.2,Y
844,605340.0000000001,58.8,66.5,54.6,3280.5000000000005,18.347915807263455,49.1,82.9,0.002246712755925832,89.2,N
845,107049.6,36.9,55.3,58.5,20488.0,0.11907732902662106,50.5,34.9,0.00039731341367951544,80.0,Y
846,2314656.0,59.0,59.8,29.9,14125.5,1.8839012827829331,60.0,75.9,0.008590820300624871,80.5,N
847,4582147.199999999,76.4,54.4,67.8,15564.4,1.344457704558498,36.3,77.2,0.01700658896449901,84.4,N
848,4645043.200000001,78.8,32.2,61.1,13635.0,3.4613836655411196,33.1,63.7,0.017240026777127805,33.9,N
849,13095225.000000002,65.1,57.2,25.1,4224.0,5.322526764560724,37.6,73.5,0.048602783640960205,80.3,N
850,1314576.0,66.0,46.1,39.5,487.0,1.8199409556668067,59.0,65.0,0.0048790343737964694,74.8,Y
851,44700083.199999996,42.3,51.4,33.7,17385.0,13.648344435170424,31.6,43.4,0.16590386744042346,78.6,Y
852,14064019.2,78.3,63.1,64.1,1062.5,32.233675413114454,83.3,76.4,0.05219845266499125,75.7,N
853,1560000.0,61.4,27.7,22.2,14220.0,37.97779498775007,67.2,45.8,0.005789922852024146,73.0,Y
854,2668933.8,85.9,44.6,38.0,11312.5,0.0893130021032742,52.5,68.3,0.00990571846099977,84.8,N
855,5268859.2,50.6,74.5,25.6,29287.499999999996,0.28953474010120855,56.6,84.3,0.01955531300396005,58.0,N
856,1648647.0,53.6,41.0,52.4,10837.800000000001,16.583646497034,47.5,46.2,0.006118935218090418,61.4,Y
857,4281794.0,89.8,75.9,44.8,13827.2,4.481558667927813,62.7,69.7,0.015891831364269155,68.0,N
858,7574307.0,55.4,37.0,23.9,13255.199999999999,4.669945444897315,50.0,74.4,0.028111957171504144,52.4,Y
859,19656302.400000002,71.3,78.5,39.4,22105.6,0.06567006990040253,91.9,67.3,0.07295415028978021,70.3,N
860,1187082.0,64.7,69.0,40.3,178.2,37.9172632847482,38.6,79.4,0.004405841794247774,88.4,N
861,5643158.399999999,78.2,54.5,44.8,19464.9,5.933786676805154,61.1,62.2,0.020944520370353856,80.9,N
862,263340.0,57.8,63.8,31.5,23800.0,0.25269631724641556,66.9,78.5,0.0009773835152897688,66.3,N
863,250645.5,55.1,49.0,44.7,4207.5,8.449597622144696,59.9,96.7,0.000930268018081422,64.3,N
864,7770057.0,50.0,43.1,26.6,22360.800000000003,0.06273677096822994,55.8,59.0,0.02883848114476294,71.4,N
865,12476463.999999998,35.7,24.9,41.5,28285.2,4.731463613444453,66.6,45.0,0.04630625899106192,81.8,Y
866,11971587.0,71.4,28.1,40.3,23331.0,13.606281052895193,48.0,50.1,0.04443241355531743,70.0,Y
867,16198926.0,58.8,55.3,59.7,7514.0,5.43321757830147,21.9,65.0,0.06012213578567184,79.8,N
868,1945344.0000000002,71.0,39.3,64.1,11451.5,20.619801247163103,28.9,75.2,0.007220122872210294,68.9,Y
869,11044334.0,75.5,62.4,55.8,27587.999999999996,0.7468640080182475,71.9,72.3,0.04099092423845335,63.7,N
870,1132512.0,49.3,37.7,30.7,1665.6000000000001,16.81560137267498,35.4,61.8,0.004203305839097161,68.1,N
871,2997657.6,65.5,62.5,20.7,24497.2,11.920227500763941,39.8,69.9,0.011125773231271702,60.7,N
872,11654784.0,78.6,61.9,26.5,12295.2,0.7865127281871652,60.7,69.8,0.043256602703208594,67.7,N
873,385280.0,55.5,82.3,37.9,10150.0,7.792188453745687,57.0,94.5,0.001429962484889656,53.4,N
874,6186370.4,53.1,46.5,61.5,17539.2,2.515211649167423,47.8,49.2,0.02296064573720882,95.5,Y
875,14045241.299999999,25.4,57.1,79.5,14070.900000000001,4.128262489594403,31.7,39.6,0.052128758695553404,70.8,Y
876,563136.0,44.0,45.5,38.2,1380.0,3.870455517488103,33.2,41.2,0.002090073073844532,61.3,Y
877,3877968.6,74.9,81.1,73.0,5636.8,35.11402999995347,92.4,78.4,0.014393037831135953,70.1,N
878,11045376.0,84.1,72.5,46.6,5974.799999999999,0.6297488777042433,72.1,76.0,0.04099479160999941,65.2,N
879,872121.6000000001,64.3,87.0,61.8,2742.4,12.873245927201435,89.9,69.6,0.003236869731784528,65.7,N
880,1649785.4,53.9,35.1,58.0,22494.0,18.034148347914723,54.3,56.9,0.006123160377176794,99.7,Y
881,7084022.399999999,64.7,28.3,52.6,4823.0,0.3662662057767162,47.6,49.4,0.026292271267955733,77.9,Y
882,3647952.0,53.5,34.7,52.4,1186.6,7.037227318632604,51.9,51.0,0.013539333748645632,77.9,Y
883,2044442.3999999997,64.8,57.6,51.3,13259.1,0.08687895256704967,63.0,78.9,0.007587925494491724,90.4,N
884,2885988.0,36.9,39.2,27.5,21285.600000000002,6.1695227128010774,53.9,35.1,0.01071131273837658,72.6,Y
885,4660605.0,38.6,17.9,33.7,13884.0,15.361842901747076,55.1,45.5,0.017297784226767948,57.0,Y
886,3369269.9999999995,89.4,56.8,22.6,27860.0,2.6233641553395075,57.0,68.7,0.012505008568999613,53.6,N
887,11681155.200000001,44.5,57.7,20.0,27970.8,0.38129861552519806,70.5,79.2,0.04335447912212865,51.7,N
888,2899104.0,53.1,57.1,34.4,26483.0,2.4313545535065364,61.9,65.7,0.010759992628201676,60.6,N
889,4553010.0,60.3,20.5,66.2,7535.900000000001,3.8554596295395362,31.2,46.5,0.016898446566983628,63.8,Y
890,15467812.8,65.0,69.5,38.1,1113.6,0.2578789850550262,51.6,76.2,0.0574086171804818,85.1,N
891,590744.0,60.5,41.2,70.7,848.0,7.350530533487472,81.9,57.1,0.0021925398623693286,82.0,N
892,10176705.0,56.0,44.5,36.0,5643.0,18.22251041398892,50.9,34.0,0.037770728742184866,66.1,Y
893,8718920.600000001,56.5,36.2,49.2,10298.199999999999,4.687643215048754,56.2,69.0,0.03236017796597698,61.9,Y
894,10189179.0,47.7,39.4,48.5,7563.599999999999,26.980687737405376,50.4,31.8,0.03781702585606701,76.8,Y
895,533495.7,54.6,68.2,58.3,3958.5,3.3941879775211836,74.6,87.1,0.001980063426209371,59.8,N
896,3604381.2,68.6,57.3,26.5,13475.0,0.22208192817267883,52.4,86.3,0.0133776212033886,77.3,N
897,6037440.0,54.0,41.5,43.9,1933.1999999999998,2.7223712922400476,77.8,51.0,0.0224078921946953,88.8,Y
898,10099186.200000001,69.1,63.4,46.7,11536.800000000001,1.3120218778206933,86.6,57.3,0.03748301856809417,63.0,N
899,2075244.6,56.4,35.2,55.8,2433.0,24.082537105381338,54.0,39.9,0.007702247521204942,64.6,Y
900,1812585.6,60.1,38.4,70.9,5181.6,3.9628922575354424,30.6,77.0,0.006727391529929421,79.5,N
901,4130571.4999999995,77.1,46.6,40.3,4408.0,0.645433300167595,46.6,57.0,0.01533057071780106,67.3,Y
902,3173079.0,73.0,96.9,58.4,2640.4,17.82613358562223,46.0,45.2,0.011776847829088413,76.7,N
903,5247450.0,75.5,54.9,31.1,7521.8,21.49378543749816,50.5,64.0,0.01947585299349622,68.1,N
904,4681800.0,64.1,30.3,39.0,26087.600000000002,0.28660946235895635,63.2,49.5,0.017376449236286316,76.2,Y
905,3733728.0,58.0,47.0,34.2,2655.0,38.731248198951604,56.5,39.0,0.013857690429770777,46.5,Y
906,18640819.2,79.6,30.8,37.2,20680.0,18.588283538970312,84.2,56.8,0.06918519555546825,68.4,N
907,9527694.799999999,35.5,69.3,42.2,5076.0,1.3174148848540983,31.9,46.3,0.03536193451899463,67.9,Y
908,4777343.999999999,58.5,22.2,63.6,5846.4,4.423531592204706,69.7,63.4,0.01773105974203874,78.2,Y
909,5189888.0,60.8,31.2,38.8,109.80000000000001,3.366586977993681,59.2,54.5,0.019262212263234546,84.8,Y
910,2516859.0,35.0,78.4,42.7,14870.1,0.2850707918453409,52.6,74.7,0.00934129451245041,71.4,N
911,5073840.0,41.1,34.6,54.2,15117.800000000001,0.011633229087040797,63.1,62.2,0.018831501386868076,89.4,Y
912,12379230.0,47.2,35.8,44.8,16929.0,1.5675108779591498,68.1,45.3,0.04594537606888646,65.8,Y
913,2141568.0000000005,72.9,65.5,40.0,16413.600000000002,10.281839197141677,76.1,58.1,0.00794840609125875,79.9,N
914,2895948.0,44.8,34.0,36.6,14320.8,2.3599897944746235,51.5,63.2,0.010748279168893348,71.2,Y
915,1932638.4,67.2,26.6,25.7,21545.0,15.948249867672263,65.6,60.6,0.007172966177473963,65.9,Y
916,2057529.5999999996,67.8,35.6,57.9,5768.0,12.486259015297888,67.4,47.0,0.007636498493433397,90.2,Y
917,6939004.800000001,57.0,54.9,27.5,6647.8,29.502734672563562,94.5,67.0,0.02575404003963157,57.8,N
918,42653520.00000001,53.7,66.5,37.3,26508.0,10.598263929680009,66.9,77.5,0.15830807062004423,86.7,N
919,2413152.0,31.4,38.6,64.7,20532.6,9.294364828017931,69.4,38.9,0.008956387121928061,73.1,Y
920,3937471.1999999997,65.8,44.5,34.2,1370.4,7.747328651578728,37.8,50.0,0.014613881076965984,71.6,Y
921,860328.0,26.3,29.8,24.8,15433.6,12.400921009387954,51.7,55.9,0.003193097915023224,55.8,Y
922,10085229.0,75.7,69.1,18.1,20283.899999999998,2.86491024751733,51.4,46.2,0.03743121657371579,75.1,N
923,20934093.6,75.8,55.5,39.1,13024.900000000001,6.1683115690688775,69.3,78.4,0.07769665828272593,77.5,N
924,903231.0,50.2,38.4,43.3,15103.6,2.358436654551116,82.4,40.7,0.003352331927920912,78.0,Y
925,14270976.0,30.8,34.2,63.8,14944.300000000001,9.618774847618848,46.9,61.5,0.052966570553261635,71.5,Y
926,21051576.0,82.5,68.2,33.1,3312.0,25.09202809975408,62.0,68.7,0.07813269291892504,81.3,N
927,10233552.0,60.2,58.1,61.0,1528.8,4.773608501805014,61.1,23.9,0.03798171575780603,65.3,Y
928,5379283.8,49.4,39.1,18.7,5498.400000000001,3.3333666041111116,51.6,72.6,0.019965152693040566,61.4,Y
929,3053043.0,78.1,37.9,21.8,13080.400000000001,20.31194590934867,56.7,36.3,0.011331335534559204,67.0,Y
930,5613300.0,46.0,53.0,31.5,3263.5,1.3672671424636358,43.8,83.6,0.02083370124696612,79.8,N
931,17989094.4,54.3,51.5,70.5,16557.2,0.29189348519654995,27.5,55.8,0.06676632612421772,78.1,Y
932,9040722.600000001,51.9,20.0,27.3,12291.0,13.706128973683468,54.8,43.6,0.033554542551635355,59.7,Y
933,736668.0,49.1,36.5,43.5,5019.3,0.5275199934231259,54.9,68.2,0.00273413518433008,74.8,Y
934,446145.0,55.8,34.0,52.0,7744.8,5.119182969164112,63.1,29.9,0.001655862263343791,61.0,Y
935,4086931.1999999997,44.7,29.4,23.7,5916.0,29.83947049873597,54.0,52.0,0.015168600224057992,72.3,Y
936,6659730.0,54.9,30.8,32.4,14421.000000000002,0.04443790799120457,54.3,46.3,0.024717514689301782,76.6,Y
937,2204301.5999999996,57.0,33.9,69.0,4336.2,0.07193957113634503,30.9,32.5,0.008181241158072686,50.9,Y
938,11990160.000000002,65.4,37.5,44.1,12059.599999999999,6.882810070675667,62.3,33.0,0.0445013470406576,76.0,Y
939,4134825.0,76.6,58.1,25.2,21907.5,17.116784344242088,56.1,80.5,0.01534635753629535,63.4,N
940,1251523.0000000002,45.7,24.1,60.4,15602.6,7.749879097283301,57.0,53.1,0.004645013857393473,53.3,Y
941,15794722.799999999,64.0,53.0,62.7,19009.2,0.5430420753585337,60.6,85.9,0.05862194005199153,86.1,N
942,1201536.0,55.4,22.7,47.7,7935.599999999999,14.971355965720894,50.0,53.3,0.0044594876563651825,68.5,Y
943,1976832.0000000005,81.0,59.4,48.3,31680.0,8.108870047221577,71.8,46.0,0.007336990238085001,61.5,N
944,1013594.4000000001,57.5,49.3,41.4,20114.0,0.374003017603699,51.2,52.2,0.0037619444738741705,100.0,N
945,1741732.5,55.9,61.9,18.5,9296.0,0.17563070523523477,42.1,68.3,0.006464421028117402,71.1,N
946,825930.0,58.7,39.0,33.3,18177.9,42.19331600315938,57.6,48.5,0.0030654301161360913,70.8,Y
947,1312841.5999999999,75.3,60.7,63.4,2784.6,2.4683418962955974,89.5,69.9,0.004872597167261502,78.3,N
948,6894918.799999999,54.1,81.0,41.6,15401.199999999999,34.44123793839298,62.6,55.5,0.02559041533523776,64.3,Y
949,3995082.0,67.3,68.4,28.4,17963.4,2.4893206001381403,39.1,67.8,0.014827702927891236,74.3,N
950,3657654.0,66.2,69.1,25.7,11334.4,8.72820046623301,35.5,76.4,0.013575342614998417,68.3,N
951,116973.99999999997,65.5,70.8,28.1,14994.0,33.86469983165381,44.3,73.5,0.0004341477151876105,84.0,N
952,21694980.0,71.2,60.9,29.7,2550.9,5.804457076250375,78.4,58.4,0.08052067979244028,66.2,N
953,1852032.0,60.6,18.9,54.8,13692.199999999999,3.9835119082304296,78.2,51.3,0.006873796409923065,84.6,Y
954,8116017.0,72.4,35.8,24.3,832.5,5.643849826676106,52.3,66.3,0.03012250788186952,57.7,Y
955,5203800.0,50.6,70.5,37.8,1405.8,0.4330246847707611,50.6,92.0,0.01931384649830978,67.9,N
956,24257475.0,45.8,61.2,37.2,14405.5,4.17067216590664,35.0,54.4,0.09003135181724645,71.3,Y
957,14096127.999999998,61.3,27.0,48.3,24538.5,0.33656544378566317,48.4,36.3,0.052317624123241945,76.2,Y
958,10593657.9,52.7,28.6,61.9,1417.5,20.527151132737114,30.7,54.3,0.03931824484726674,73.4,Y
959,32682507.000000004,76.3,46.1,37.8,17228.9,4.048274514333699,32.0,43.4,0.12130076547483278,74.4,Y
960,10474282.000000002,64.2,49.9,38.2,4645.8,0.9410830888590714,52.2,98.8,0.038875182506631537,64.1,N
961,7944057.5,74.4,49.8,33.3,7240.8,11.881739643818788,37.7,64.8,0.0294842820878486,71.4,N
962,352170.0,38.5,61.8,35.6,24602.4,0.009583912619970892,59.2,56.3,0.0013070750838444511,90.9,Y
963,8723667.6,30.7,25.6,36.5,13452.0,7.271420346911947,48.4,58.5,0.03237779640429657,63.3,Y
964,9945770.4,76.8,47.7,25.1,3555.2,1.1388136697755216,58.1,52.7,0.03691361751278548,74.1,Y
965,3405780.0,55.3,71.0,21.5,1360.8,5.253547272592621,72.6,50.6,0.012640515032671025,83.6,N
966,7735185.0,71.3,77.4,48.4,8587.9,4.7859117222103125,72.6,87.0,0.02870905410008614,62.1,N
967,2935996.0,71.1,42.3,49.6,13227.300000000001,4.359306303281975,85.9,55.2,0.010896916880674033,87.3,N
968,4633669.8,42.7,19.2,35.9,3364.4,0.47836619870066116,49.8,57.0,0.01719781452804754,78.3,Y
969,10905840.0,61.4,56.2,59.5,3591.7,4.087889062236416,30.2,36.8,0.040476905279819876,70.2,Y
970,9774200.8,79.2,71.6,37.6,14645.9,3.297952661787026,47.3,51.3,0.03627683882832866,71.3,N
971,2949004.7999999993,54.8,72.5,64.8,8915.7,1.1649973642775198,60.0,61.8,0.010945198898877496,96.6,N
972,1239019.2,64.5,39.1,65.4,6375.6,0.5115539347136858,73.3,67.9,0.004598606141138895,64.1,N
973,7643727.0,65.1,75.4,45.0,1368.0,0.9641488546043512,43.8,61.7,0.028369608738419223,89.8,N
974,3265762.5,73.2,48.0,51.6,18560.0,0.6925654849436117,75.9,83.6,0.0121208416205343,61.6,N
975,537984.0,40.2,19.3,40.8,20175.9,4.999578381409855,75.7,67.4,0.001996721702322666,62.9,Y
976,45517471.99999999,50.6,32.2,45.9,17668.100000000002,0.19430443287413135,78.3,53.8,0.1689375969866469,74.7,Y
977,5720396.499999999,45.8,68.4,15.6,30031.2,6.635409043935392,42.7,63.0,0.02123118872948009,63.3,N
978,1577394.0,74.3,73.1,39.8,27339.899999999998,8.610280769789933,63.3,79.8,0.005854480491824215,72.8,N
979,1297900.8,53.2,31.9,31.8,23203.1,35.43605420963687,71.1,40.7,0.0048171445522951425,52.2,N
980,2607864.0,54.5,24.1,36.6,25169.500000000004,11.392699693530204,48.5,63.1,0.009679058569596862,55.7,Y
981,7362700.800000001,41.3,82.9,51.5,10862.1,0.17107027124596277,43.1,65.0,0.02732658308624132,82.6,N
982,6028880.0,55.5,40.4,16.5,21091.199999999997,12.123757962764811,58.5,56.3,0.02237612184878932,64.9,N
983,2109555.0,43.5,46.6,41.9,19257.0,5.0618593497753075,45.1,55.9,0.007829590193655,90.8,Y
984,9051033.6,33.3,33.6,32.1,12357.800000000001,4.874856118641214,70.1,38.1,0.03359281171479382,73.1,Y
985,5117197.8,61.2,13.4,53.0,3024.0,0.40629036974237315,41.1,75.3,0.018992423384966466,48.4,Y
986,8082800.0,39.6,49.9,45.9,6983.999999999999,2.1789916035793575,47.6,26.5,0.02999922335150049,65.1,Y
987,1071739.5,58.8,55.8,38.0,7056.000000000001,3.7496518630195435,49.5,63.3,0.003977749373376238,76.0,N
988,719510.4,41.4,46.8,38.8,629.0,30.052227563149174,50.0,94.9,0.0026704549405314327,74.9,N
989,5673216.0,73.9,66.6,44.9,19428.5,6.565997811807214,52.9,82.6,0.02105607882235194,81.6,N
990,738234.0,67.6,43.8,49.2,26469.600000000002,0.6146412891357933,63.0,45.9,0.0027399473761161495,81.7,Y
991,15990743.999999998,51.4,61.6,90.4,9126.4,11.356842271071853,76.3,72.7,0.05934947058106922,67.9,N
992,107520.0,54.9,31.1,38.7,14304.0,0.9559229655841135,63.0,68.9,0.00039905929810874115,88.6,Y
993,2648779.0,87.4,57.5,39.8,21424.8,1.1328313563275263,53.6,90.1,0.009830914142347224,67.4,N
994,11532799.799999999,57.2,42.3,52.1,4234.5,3.859442846776276,27.4,48.3,0.04280385968579455,57.5,Y
995,6098400.0,45.8,26.5,47.3,11170.9,1.216190848035844,43.0,65.1,0.02263414456460516,74.7,Y
996,135244.80000000002,56.4,49.5,38.1,21854.399999999998,0.0034120899711245246,43.6,17.9,0.000501959588549638,71.2,Y
997,3939596.8000000003,52.1,54.7,48.5,12512.2,7.119161341976806,61.6,40.0,0.01462177021800077,87.8,N
998,5963364.0,53.6,45.4,56.1,20038.2,9.898945577264733,22.6,21.8,0.022132959934960332,73.2,Y
999,2353176.0,47.0,23.6,40.7,15892.5,8.9817235958924,50.0,59.4,0.008733786857201777,62.7,Y
1000,7510692.600000001,52.4,24.2,48.9,14659.4,0.07024821135792934,45.4,50.9,0.027875853025172218,72.1,Y
