ReturnDate,TerritoryKey,ProductKey,ReturnQuantity
2020-01-18,9,312,1
2020-01-18,10,310,1
2020-01-21,8,346,1
2020-01-22,4,311,1
2020-02-02,6,312,1
2020-02-15,1,312,1
2020-02-19,9,311,1
2020-02-24,8,314,1
2020-03-08,8,350,1
2020-03-13,9,350,1
2020-03-14,4,346,1
2020-03-15,9,340,1
2020-03-22,4,311,1
2020-03-26,10,312,1
2020-03-28,7,312,1
2020-03-28,9,314,1
2020-03-29,9,311,1
2020-04-01,8,311,1
2020-04-07,9,311,1
2020-04-07,9,351,1
2020-04-09,9,311,1
2020-04-10,9,326,1
2020-04-15,9,312,1
2020-04-16,9,349,1
2020-04-20,9,310,1
2020-04-21,9,312,1
2020-04-25,4,324,1
2020-04-27,1,314,1
2020-04-29,6,310,1
2020-04-29,9,348,1
2020-04-30,8,330,1
2020-05-01,4,312,1
2020-05-06,9,324,1
2020-05-07,9,351,1
2020-05-13,1,310,1
2020-05-14,7,313,1
2020-05-16,6,313,1
2020-05-16,7,313,1
2020-05-22,9,314,1
2020-05-24,8,322,1
2020-05-30,1,313,1
2020-05-30,4,314,1
2020-06-05,4,313,1
2020-06-07,4,342,1
2020-06-20,9,347,1
2020-06-24,9,320,1
2020-07-03,4,373,1
2020-07-11,8,387,1
2020-07-22,8,379,1
2020-08-14,6,377,1
2020-08-15,1,377,1
2020-08-15,8,328,1
2020-08-26,4,387,1
2020-08-28,4,370,1
2020-08-31,10,373,1
2020-09-03,9,369,1
2020-09-10,1,354,1
2020-10-03,1,352,1
2020-10-07,9,352,1
2020-10-08,10,354,1
2020-10-12,9,379,1
2020-10-13,9,352,2
2020-10-23,9,354,1
2020-10-25,8,334,1
2020-10-27,6,368,1
2020-10-28,8,373,1
2020-10-30,7,370,1
2020-11-16,8,379,1
2020-11-20,8,360,1
2020-11-23,9,326,1
2020-11-24,1,330,1
2020-11-27,10,320,1
2020-12-01,10,356,1
2020-12-04,4,324,1
2020-12-05,6,389,1
2020-12-06,10,360,1
2020-12-10,9,334,1
2020-12-11,9,375,1
2020-12-12,8,377,1
2020-12-12,9,362,1
2020-12-12,9,379,1
2020-12-14,9,377,1
2020-12-16,4,377,1
2020-12-18,4,352,1
2020-12-25,8,389,1
2021-01-07,9,362,1
2021-01-09,8,373,1
2021-01-10,9,381,1
2021-01-16,7,371,1
2021-01-23,4,332,1
2021-01-23,9,354,1
2021-01-26,9,330,1
2021-01-31,4,360,1
2021-02-01,1,354,1
2021-02-12,9,330,1
2021-02-14,4,381,1
2021-02-20,9,328,1
2021-02-20,9,377,1
2021-02-22,8,369,1
2021-02-22,9,362,1
2021-02-25,9,370,1
2021-03-08,9,352,1
2021-03-12,1,336,1
2021-03-18,7,370,1
2021-03-20,9,360,1
2021-03-21,6,330,1
2021-03-24,7,330,1
2021-03-29,9,375,1
2021-03-31,7,368,1
2021-04-01,8,373,1
2021-04-04,7,387,1
2021-04-13,8,362,1
2021-04-25,1,320,1
2021-04-27,4,373,1
2021-05-01,1,322,1
2021-05-01,9,352,1
2021-05-03,9,370,1
2021-05-11,7,352,1
2021-05-16,9,354,1
2021-05-21,4,371,1
2021-05-23,8,328,1
2021-05-26,7,360,1
2021-05-27,7,326,1
2021-05-31,4,369,1
2021-06-10,4,356,1
2021-06-12,10,381,1
2021-06-13,4,371,1
2021-06-15,4,332,1
2021-06-19,1,328,1
2021-06-21,10,368,1
2021-06-25,7,369,1
2021-06-27,9,362,1
2021-07-02,9,375,1
2021-07-03,9,354,1
2021-07-03,9,477,1
2021-07-03,9,479,1
2021-07-04,9,356,1
2021-07-06,10,528,1
2021-07-07,10,358,1
2021-07-08,8,381,1
2021-07-08,9,478,1
2021-07-08,9,480,1
2021-07-08,9,487,1
2021-07-08,10,480,1
2021-07-09,7,215,1
2021-07-11,4,477,1
2021-07-11,8,232,1
2021-07-12,4,478,1
2021-07-12,7,389,1
2021-07-13,4,352,1
2021-07-13,9,371,1
2021-07-13,9,485,1
2021-07-14,4,605,1
2021-07-15,1,540,1
2021-07-15,4,478,1
2021-07-15,7,483,1
2021-07-15,7,540,1
2021-07-15,10,484,1
2021-07-16,1,223,1
2021-07-19,4,537,1
2021-07-22,1,477,1
2021-07-23,9,377,1
2021-07-23,10,220,1
2021-07-24,10,477,1
2021-07-25,9,537,1
2021-07-26,9,487,1
2021-07-26,9,528,1
2021-07-28,7,377,1
2021-07-28,8,485,1
2021-07-29,8,462,1
2021-07-29,9,480,1
2021-07-29,9,487,1
2021-07-29,10,480,1
2021-07-30,8,604,1
2021-07-31,4,540,1
2021-07-31,7,220,1
2021-07-31,9,489,1
2021-08-01,4,487,1
2021-08-01,9,486,1
2021-08-02,4,477,1
2021-08-02,6,477,1
2021-08-02,9,539,1
2021-08-03,6,229,1
2021-08-03,6,537,1
2021-08-03,6,540,1
2021-08-04,1,478,1
2021-08-05,4,484,1
2021-08-05,4,528,1
2021-08-05,6,220,1
2021-08-06,8,529,1
2021-08-07,6,480,1
2021-08-07,9,375,1
2021-08-07,9,480,1
2021-08-07,10,479,1
2021-08-07,10,537,1
2021-08-08,1,536,1
2021-08-08,10,371,1
2021-08-09,9,373,1
2021-08-09,9,535,1
2021-08-09,9,540,1
2021-08-10,7,477,1
2021-08-10,9,220,1
2021-08-11,4,385,1
2021-08-11,6,477,1
2021-08-11,9,528,1
2021-08-12,1,528,1
2021-08-12,4,529,1
2021-08-12,4,535,1
2021-08-12,6,480,1
2021-08-12,8,477,1
2021-08-12,10,464,1
2021-08-12,10,565,1
2021-08-13,1,387,1
2021-08-13,4,478,1
2021-08-13,4,487,1
2021-08-13,6,529,1
2021-08-13,10,590,1
2021-08-14,6,235,1
2021-08-14,7,538,1
2021-08-14,8,214,1
2021-08-14,8,226,1
2021-08-14,8,530,1
2021-08-14,10,215,1
2021-08-15,1,528,1
2021-08-15,1,529,1
2021-08-15,1,536,1
2021-08-15,6,229,1
2021-08-15,6,478,1
2021-08-15,8,538,1
2021-08-15,10,226,1
2021-08-16,4,356,1
2021-08-16,4,485,1
2021-08-16,6,478,1
2021-08-17,4,220,1
2021-08-17,7,539,1
2021-08-17,9,529,1
2021-08-18,1,360,1
2021-08-18,7,477,1
2021-08-18,7,478,1
2021-08-19,4,477,2
2021-08-19,7,540,1
2021-08-19,8,223,1
2021-08-20,4,529,1
2021-08-20,8,220,1
2021-08-20,9,229,1
2021-08-20,9,529,1
2021-08-20,9,530,1
2021-08-21,1,214,1
2021-08-21,8,214,1
2021-08-22,4,220,1
2021-08-23,4,477,1
2021-08-23,10,362,1
2021-08-24,1,486,1
2021-08-24,1,535,1
2021-08-24,4,478,1
2021-08-24,4,480,1
2021-08-24,4,486,1
2021-08-24,4,528,1
2021-08-24,6,478,1
2021-08-24,9,214,1
2021-08-24,9,480,1
2021-08-24,10,480,1
2021-08-25,4,215,1
2021-08-25,4,232,1
2021-08-25,4,565,1
2021-08-25,7,487,1
2021-08-25,7,529,1
2021-08-25,9,540,1
2021-08-26,1,476,1
2021-08-26,7,362,1
2021-08-26,9,226,1
2021-08-26,9,466,1
2021-08-27,6,477,1
2021-08-27,8,477,1
2021-08-28,1,540,1
2021-08-28,4,575,1
2021-08-28,6,223,1
2021-08-28,6,477,1
2021-08-29,4,477,1
2021-08-29,4,489,1
2021-08-29,7,477,1
2021-08-29,7,529,1
2021-08-30,1,477,1
2021-08-30,1,480,2
2021-08-30,4,464,1
2021-08-30,6,482,1
2021-08-30,6,528,1
2021-08-30,7,539,1
2021-08-30,9,479,1
2021-08-30,9,529,1
2021-08-30,10,530,1
2021-08-31,1,480,1
2021-08-31,1,568,1
2021-08-31,7,530,1
2021-08-31,9,480,1
2021-09-01,1,220,1
2021-09-01,6,535,1
2021-09-02,7,478,1
2021-09-02,9,385,1
2021-09-03,1,477,1
2021-09-03,1,538,1
2021-09-03,4,466,1
2021-09-03,6,574,1
2021-09-03,9,362,1
2021-09-03,9,480,1
2021-09-03,9,528,1
2021-09-03,9,561,1
2021-09-04,6,477,1
2021-09-04,6,541,1
2021-09-04,7,528,1
2021-09-04,10,484,1
2021-09-05,1,477,1
2021-09-05,4,362,1
2021-09-05,4,537,1
2021-09-05,6,220,1
2021-09-05,9,477,1
2021-09-05,9,485,1
2021-09-06,1,214,1
2021-09-06,4,477,1
2021-09-06,4,478,1
2021-09-06,8,562,1
2021-09-06,9,480,1
2021-09-06,10,223,1
2021-09-07,4,220,1
2021-09-07,9,358,1
2021-09-08,6,475,1
2021-09-08,9,360,1
2021-09-08,9,538,1
2021-09-09,4,477,1
2021-09-09,7,477,1
2021-09-09,7,478,1
2021-09-09,8,480,1
2021-09-10,9,385,1
2021-09-10,9,528,1
2021-09-10,10,489,1
2021-09-10,10,529,1
2021-09-11,8,538,1
2021-09-11,9,480,1
2021-09-11,10,389,1
2021-09-12,4,214,1
2021-09-12,6,536,1
2021-09-13,4,358,1
2021-09-13,4,474,1
2021-09-13,6,477,1
2021-09-13,7,477,1
2021-09-13,9,478,1
2021-09-13,10,223,1
2021-09-14,10,537,1
2021-09-14,10,576,1
2021-09-15,1,387,1
2021-09-15,6,215,1
2021-09-15,6,479,1
2021-09-15,6,529,1
2021-09-15,10,529,1
2021-09-15,10,530,1
2021-09-16,1,478,1
2021-09-16,1,537,1
2021-09-16,4,477,1
2021-09-16,6,478,2
2021-09-16,6,529,1
2021-09-17,4,464,1
2021-09-17,6,464,1
2021-09-17,8,214,1
2021-09-18,1,540,1
2021-09-18,8,373,1
2021-09-18,9,529,1
2021-09-19,1,220,1
2021-09-19,1,389,1
2021-09-19,1,528,1
2021-09-19,6,538,1
2021-09-19,10,581,1
2021-09-20,6,387,1
2021-09-20,6,479,1
2021-09-20,10,477,1
2021-09-20,10,538,1
2021-09-21,1,538,1
2021-09-21,4,477,1
2021-09-21,7,480,1
2021-09-21,7,529,1
2021-09-22,4,535,1
2021-09-23,4,477,1
2021-09-23,6,464,1
2021-09-23,8,491,1
2021-09-23,10,541,1
2021-09-23,10,561,1
2021-09-24,1,232,1
2021-09-24,1,535,1
2021-09-24,6,474,1
2021-09-24,10,215,1
2021-09-25,1,539,1
2021-09-25,7,528,1
2021-09-26,1,483,1
2021-09-26,1,538,1
2021-09-26,1,593,1
2021-09-26,4,477,1
2021-09-26,4,485,1
2021-09-26,6,215,1
2021-09-26,8,529,1
2021-09-26,8,536,1
2021-09-26,8,582,1
2021-09-26,9,488,1
2021-09-27,8,528,1
2021-09-27,10,232,1
2021-09-28,1,477,1
2021-09-28,6,528,1
2021-09-28,8,229,1
2021-09-28,9,223,1
2021-09-29,6,528,1
2021-09-29,10,540,1
2021-09-30,1,471,1
2021-09-30,4,605,1
2021-09-30,6,528,2
2021-09-30,8,538,1
2021-09-30,9,605,1
2021-09-30,10,528,1
2021-10-01,4,478,1
2021-10-01,6,232,1
2021-10-01,10,358,1
2021-10-01,10,477,1
2021-10-01,10,528,1
2021-10-02,1,480,1
2021-10-02,1,535,1
2021-10-02,4,214,1
2021-10-02,4,529,1
2021-10-02,9,215,1
2021-10-02,10,529,1
2021-10-03,8,352,1
2021-10-04,4,479,1
2021-10-04,4,487,1
2021-10-04,6,480,1
2021-10-04,9,214,1
2021-10-05,1,485,1
2021-10-05,6,480,1
2021-10-05,10,466,1
2021-10-06,4,485,1
2021-10-06,9,223,1
2021-10-06,9,360,1
2021-10-06,9,477,1
2021-10-06,9,478,1
2021-10-06,9,488,1
2021-10-07,6,538,1
2021-10-07,10,235,1
2021-10-08,1,536,1
2021-10-08,4,477,1
2021-10-08,9,480,1
2021-10-08,9,540,1
2021-10-09,1,223,1
2021-10-09,1,478,1
2021-10-09,4,223,1
2021-10-09,7,229,1
2021-10-09,7,530,1
2021-10-09,8,235,1
2021-10-09,9,477,1
2021-10-09,10,464,1
2021-10-09,10,480,1
2021-10-09,10,529,1
2021-10-10,4,232,1
2021-10-10,4,464,1
2021-10-10,4,537,1
2021-10-10,9,478,1
2021-10-10,9,529,1
2021-10-10,9,535,1
2021-10-10,10,479,1
2021-10-10,10,535,1
2021-10-11,1,580,1
2021-10-11,4,528,1
2021-10-11,6,600,1
2021-10-11,9,530,1
2021-10-12,6,476,1
2021-10-12,6,537,1
2021-10-12,6,539,1
2021-10-12,9,360,1
2021-10-12,10,214,1
2021-10-12,10,215,1
2021-10-13,9,223,1
2021-10-13,9,383,1
2021-10-13,10,540,1
2021-10-14,1,581,1
2021-10-14,4,215,1
2021-10-14,9,477,1
2021-10-15,1,604,1
2021-10-15,10,352,1
2021-10-16,4,479,1
2021-10-16,4,485,1
2021-10-16,9,489,1
2021-10-16,10,381,1
2021-10-17,6,480,1
2021-10-17,8,530,1
2021-10-17,9,485,1
2021-10-17,9,538,1
2021-10-18,7,482,1
2021-10-19,4,589,1
2021-10-19,9,220,1
2021-10-19,9,354,1
2021-10-20,1,466,1
2021-10-20,1,480,1
2021-10-20,1,535,1
2021-10-20,9,464,1
2021-10-20,10,478,1
2021-10-21,1,223,1
2021-10-21,4,482,1
2021-10-21,6,215,1
2021-10-21,9,537,1
2021-10-21,9,539,1
2021-10-22,1,605,1
2021-10-22,6,530,1
2021-10-22,7,605,1
2021-10-22,9,479,1
2021-10-22,9,537,1
2021-10-23,1,223,1
2021-10-23,4,360,1
2021-10-23,4,485,1
2021-10-24,4,214,1
2021-10-24,7,466,1
2021-10-24,8,541,1
2021-10-25,4,540,1
2021-10-25,4,606,1
2021-10-25,9,477,1
2021-10-25,9,481,1
2021-10-25,10,485,1
2021-10-26,1,389,1
2021-10-26,1,528,1
2021-10-26,1,529,1
2021-10-26,1,530,1
2021-10-26,4,488,1
2021-10-26,8,478,1
2021-10-26,9,541,1
2021-10-27,6,220,1
2021-10-27,9,489,1
2021-10-28,4,223,1
2021-10-28,7,480,1
2021-10-28,7,484,1
2021-10-28,7,577,1
2021-10-28,9,220,1
2021-10-28,9,477,1
2021-10-28,10,471,1
2021-10-29,4,581,1
2021-10-29,6,541,1
2021-10-29,8,235,1
2021-10-29,9,538,1
2021-10-29,10,477,1
2021-10-30,4,537,1
2021-10-30,6,475,1
2021-10-30,9,358,1
2021-10-30,10,371,1
2021-10-31,1,596,1
2021-10-31,4,215,1
2021-10-31,7,530,1
2021-10-31,8,358,1
2021-10-31,8,528,1
2021-10-31,8,584,1
2021-10-31,9,604,1
2021-11-01,6,477,1
2021-11-01,6,478,1
2021-11-01,6,528,1
2021-11-01,6,529,1
2021-11-02,4,215,1
2021-11-02,6,360,1
2021-11-02,7,477,1
2021-11-02,9,214,1
2021-11-02,10,385,1
2021-11-03,4,474,1
2021-11-03,4,541,1
2021-11-03,8,375,1
2021-11-03,9,489,1
2021-11-04,4,466,1
2021-11-04,10,528,1
2021-11-05,1,478,1
2021-11-05,9,480,1
2021-11-05,10,529,1
2021-11-06,1,485,1
2021-11-06,4,477,2
2021-11-07,1,354,1
2021-11-07,4,477,2
2021-11-07,6,478,1
2021-11-07,6,540,1
2021-11-07,8,477,1
2021-11-07,9,477,1
2021-11-07,9,535,1
2021-11-07,9,537,1
2021-11-07,9,604,1
2021-11-08,1,478,1
2021-11-08,4,472,1
2021-11-08,10,536,1
2021-11-09,1,478,1
2021-11-09,7,220,1
2021-11-09,9,477,1
2021-11-09,10,477,1
2021-11-10,1,362,1
2021-11-10,4,530,1
2021-11-10,6,528,1
2021-11-10,7,479,1
2021-11-10,10,485,1
2021-11-11,1,220,1
2021-11-12,4,480,1
2021-11-12,6,606,1
2021-11-12,8,477,1
2021-11-12,9,535,1
2021-11-12,10,541,1
2021-11-13,1,479,1
2021-11-13,1,562,1
2021-11-13,9,375,1
2021-11-14,1,466,1
2021-11-14,1,589,1
2021-11-14,4,478,1
2021-11-14,7,215,1
2021-11-14,7,538,1
2021-11-14,9,537,1
2021-11-14,9,592,1
2021-11-14,10,215,1
2021-11-14,10,477,1
2021-11-15,1,480,1
2021-11-15,4,478,1
2021-11-15,4,560,1
2021-11-16,1,528,1
2021-11-16,4,538,1
2021-11-17,1,480,1
2021-11-17,6,605,1
2021-11-17,8,584,1
2021-11-17,9,487,1
2021-11-17,10,385,1
2021-11-18,1,479,1
2021-11-18,6,480,1
2021-11-18,7,220,1
2021-11-18,7,487,1
2021-11-18,8,541,1
2021-11-18,9,220,1
2021-11-18,10,529,1
2021-11-18,10,583,1
2021-11-18,10,584,1
2021-11-19,4,220,1
2021-11-19,4,377,1
2021-11-19,4,486,1
2021-11-19,4,541,1
2021-11-19,6,584,1
2021-11-19,8,214,1
2021-11-19,9,214,1
2021-11-19,9,582,1
2021-11-20,4,481,1
2021-11-20,6,462,1
2021-11-20,6,538,1
2021-11-20,8,529,1
2021-11-20,9,487,1
2021-11-21,1,220,1
2021-11-21,1,226,1
2021-11-21,4,362,1
2021-11-21,4,464,1
2021-11-22,4,356,1
2021-11-22,4,485,1
2021-11-22,6,220,1
2021-11-22,9,489,1
2021-11-22,10,214,1
2021-11-23,1,478,1
2021-11-23,1,479,1
2021-11-23,4,215,1
2021-11-23,4,476,1
2021-11-23,9,214,1
2021-11-24,1,220,1
2021-11-24,1,528,1
2021-11-24,9,536,1
2021-11-24,10,358,1
2021-11-24,10,478,1
2021-11-25,4,485,1
2021-11-25,6,484,1
2021-11-25,6,528,1
2021-11-26,4,529,1
2021-11-26,7,479,1
2021-11-26,8,484,1
2021-11-27,6,528,1
2021-11-27,9,462,1
2021-11-28,1,480,1
2021-11-28,1,483,1
2021-11-28,1,530,1
2021-11-28,4,477,1
2021-11-28,9,215,1
2021-11-28,9,589,1
2021-11-28,10,477,1
2021-11-28,10,478,1
2021-11-29,1,535,1
2021-11-29,10,477,1
2021-11-29,10,479,1
2021-11-30,1,476,1
2021-11-30,4,214,1
2021-11-30,4,535,1
2021-11-30,7,476,1
2021-11-30,9,606,1
2021-12-01,1,215,1
2021-12-01,6,535,1
2021-12-01,7,220,1
2021-12-01,7,586,1
2021-12-01,8,223,1
2021-12-01,8,477,1
2021-12-01,9,214,1
2021-12-01,9,540,1
2021-12-02,6,474,1
2021-12-03,1,528,1
2021-12-03,1,535,1
2021-12-03,6,464,1
2021-12-03,6,528,1
2021-12-03,9,488,1
2021-12-03,10,220,1
2021-12-04,1,478,1
2021-12-04,1,539,1
2021-12-04,8,477,1
2021-12-04,9,529,1
2021-12-05,4,214,1
2021-12-05,4,528,1
2021-12-05,6,478,1
2021-12-05,8,385,1
2021-12-05,9,477,1
2021-12-05,10,214,1
2021-12-05,10,215,1
2021-12-06,1,528,1
2021-12-06,4,215,1
2021-12-06,6,485,1
2021-12-06,8,563,1
2021-12-07,4,466,1
2021-12-07,4,528,1
2021-12-07,4,540,1
2021-12-07,6,474,1
2021-12-07,7,220,1
2021-12-07,7,595,1
2021-12-07,9,564,1
2021-12-07,10,598,1
2021-12-08,4,214,1
2021-12-08,9,490,1
2021-12-08,9,577,1
2021-12-08,10,462,1
2021-12-09,4,223,1
2021-12-09,4,480,1
2021-12-09,4,530,1
2021-12-09,4,537,1
2021-12-09,6,471,1
2021-12-09,6,475,1
2021-12-09,8,479,1
2021-12-09,9,479,1
2021-12-09,9,530,1
2021-12-10,7,537,1
2021-12-10,9,478,1
2021-12-11,1,371,1
2021-12-11,9,476,1
2021-12-11,9,477,1
2021-12-12,4,220,1
2021-12-12,6,214,1
2021-12-12,7,214,1
2021-12-12,7,530,1
2021-12-12,7,536,1
2021-12-12,8,478,1
2021-12-12,10,485,1
2021-12-13,1,480,1
2021-12-13,1,485,1
2021-12-13,4,535,1
2021-12-13,6,529,1
2021-12-13,8,223,1
2021-12-13,9,486,1
2021-12-13,9,530,1
2021-12-14,1,540,1
2021-12-14,4,479,1
2021-12-14,6,220,1
2021-12-15,1,362,1
2021-12-15,1,478,1
2021-12-15,6,577,1
2021-12-15,7,489,1
2021-12-15,8,528,1
2021-12-15,8,538,1
2021-12-15,9,535,1
2021-12-15,9,572,1
2021-12-15,10,480,1
2021-12-16,1,480,1
2021-12-16,6,530,1
2021-12-16,9,385,1
2021-12-16,10,484,1
2021-12-17,1,474,1
2021-12-17,1,539,1
2021-12-17,4,220,1
2021-12-17,4,583,1
2021-12-17,6,528,1
2021-12-17,6,537,1
2021-12-17,10,477,1
2021-12-18,1,358,1
2021-12-18,6,477,1
2021-12-19,8,220,1
2021-12-19,9,576,1
2021-12-19,10,356,1
2021-12-20,1,529,1
2021-12-20,6,478,1
2021-12-20,8,223,1
2021-12-20,9,535,1
2021-12-20,10,575,1
2021-12-21,1,477,1
2021-12-21,6,360,1
2021-12-21,7,477,1
2021-12-21,10,480,1
2021-12-22,1,385,1
2021-12-23,4,215,1
2021-12-23,4,477,1
2021-12-23,4,488,1
2021-12-23,7,215,1
2021-12-23,9,484,1
2021-12-24,1,480,1
2021-12-24,1,537,1
2021-12-24,1,539,1
2021-12-24,4,481,1
2021-12-24,6,462,1
2021-12-24,6,477,1
2021-12-24,9,529,1
2021-12-24,9,530,1
2021-12-25,1,214,1
2021-12-25,1,220,1
2021-12-25,4,476,1
2021-12-25,4,588,1
2021-12-25,7,215,1
2021-12-25,8,223,1
2021-12-25,9,229,1
2021-12-25,9,530,1
2021-12-25,10,232,1
2021-12-26,1,232,1
2021-12-26,1,479,1
2021-12-26,4,214,1
2021-12-26,6,528,1
2021-12-26,8,479,1
2021-12-26,9,387,1
2021-12-26,10,528,1
2021-12-27,6,528,1
2021-12-27,9,479,1
2021-12-27,9,480,1
2021-12-28,1,584,1
2021-12-28,4,214,1
2021-12-28,4,538,1
2021-12-28,6,537,1
2021-12-28,7,477,1
2021-12-28,8,214,1
2021-12-28,9,562,1
2021-12-28,9,605,1
2021-12-29,1,484,1
2021-12-29,1,528,1
2021-12-30,1,215,1
2021-12-30,1,535,1
2021-12-30,1,540,1
2021-12-30,4,381,1
2021-12-30,4,484,1
2021-12-30,6,482,1
2021-12-30,7,229,1
2021-12-31,4,223,1
2021-12-31,4,537,1
2021-12-31,6,539,1
2021-12-31,7,477,1
2021-12-31,8,580,1
2021-12-31,10,479,1
2022-01-01,6,528,1
2022-01-01,9,477,1
2022-01-01,9,479,2
2022-01-01,9,528,1
2022-01-01,10,485,1
2022-01-02,1,537,1
2022-01-02,4,215,1
2022-01-02,4,479,1
2022-01-02,8,214,1
2022-01-02,8,528,1
2022-01-02,9,214,1
2022-01-02,9,561,1
2022-01-03,1,487,1
2022-01-03,4,485,1
2022-01-03,6,477,1
2022-01-03,7,540,1
2022-01-03,8,480,1
2022-01-03,9,477,1
2022-01-04,4,536,1
2022-01-04,9,484,1
2022-01-05,1,479,1
2022-01-05,6,536,1
2022-01-05,7,214,1
2022-01-05,10,480,1
2022-01-06,7,479,1
2022-01-06,7,486,1
2022-01-06,9,223,1
2022-01-06,9,385,1
2022-01-07,1,220,1
2022-01-07,1,490,1
2022-01-07,7,373,1
2022-01-08,1,480,1
2022-01-08,1,489,1
2022-01-08,8,485,1
2022-01-08,10,535,1
2022-01-09,4,478,1
2022-01-09,4,479,1
2022-01-09,6,474,1
2022-01-09,9,214,1
2022-01-10,1,220,1
2022-01-10,4,577,1
2022-01-10,6,462,1
2022-01-10,6,536,1
2022-01-10,6,538,1
2022-01-10,8,215,1
2022-01-10,10,535,1
2022-01-11,1,484,1
2022-01-11,1,588,1
2022-01-11,4,529,1
2022-01-11,4,537,1
2022-01-11,7,220,1
2022-01-11,7,478,1
2022-01-11,9,215,1
2022-01-11,9,477,1
2022-01-11,9,484,1
2022-01-11,9,576,1
2022-01-11,10,464,1
2022-01-12,4,484,1
2022-01-12,6,537,1
2022-01-12,9,473,1
2022-01-12,9,479,1
2022-01-13,4,529,1
2022-01-13,9,473,1
2022-01-14,1,358,1
2022-01-14,6,485,1
2022-01-14,9,371,1
2022-01-14,10,229,1
2022-01-14,10,529,1
2022-01-15,1,232,1
2022-01-15,1,541,1
2022-01-15,6,477,1
2022-01-15,7,538,1
2022-01-15,8,530,1
2022-01-15,9,360,1
2022-01-15,9,488,1
2022-01-15,9,529,1
2022-01-15,10,478,1
2022-01-16,9,540,1
2022-01-16,10,588,1
2022-01-17,4,214,1
2022-01-17,4,220,1
2022-01-17,4,528,1
2022-01-17,6,477,1
2022-01-17,6,529,1
2022-01-17,8,484,1
2022-01-17,9,477,1
2022-01-17,9,485,1
2022-01-18,1,528,1
2022-01-18,4,487,1
2022-01-18,4,528,1
2022-01-18,6,481,2
2022-01-18,8,220,1
2022-01-18,9,471,1
2022-01-18,9,474,1
2022-01-18,9,477,1
2022-01-18,10,529,1
2022-01-19,1,478,1
2022-01-19,9,214,1
2022-01-19,9,541,1
2022-01-19,10,475,1
2022-01-19,10,539,1
2022-01-20,7,229,1
2022-01-20,8,484,1
2022-01-20,8,538,1
2022-01-20,9,485,1
2022-01-20,10,215,1
2022-01-20,10,573,1
2022-01-21,4,477,1
2022-01-21,7,214,1
2022-01-21,8,529,1
2022-01-21,9,489,1
2022-01-21,10,479,1
2022-01-22,4,529,1
2022-01-22,6,535,1
2022-01-22,6,540,1
2022-01-22,8,529,1
2022-01-22,9,215,1
2022-01-22,9,477,1
2022-01-22,10,215,1
2022-01-23,6,223,1
2022-01-23,7,530,1
2022-01-24,6,214,1
2022-01-24,9,477,2
2022-01-25,1,529,1
2022-01-25,6,479,1
2022-01-26,4,480,1
2022-01-26,4,530,1
2022-01-26,6,226,1
2022-01-26,6,477,1
2022-01-26,6,537,1
2022-01-26,7,537,1
2022-01-27,1,472,1
2022-01-27,1,528,1
2022-01-27,6,485,1
2022-01-28,1,537,1
2022-01-28,4,485,1
2022-01-28,6,536,1
2022-01-28,8,477,1
2022-01-28,9,358,1
2022-01-28,9,371,1
2022-01-28,9,487,1
2022-01-28,10,481,1
2022-01-28,10,530,1
2022-01-29,4,606,1
2022-01-29,6,528,1
2022-01-29,6,537,1
2022-01-29,7,536,1
2022-01-29,9,466,1
2022-01-29,10,530,1
2022-01-30,4,528,1
2022-01-30,9,462,1
2022-01-31,4,477,1
2022-01-31,6,537,1
2022-01-31,8,479,1
2022-01-31,8,535,1
2022-02-01,1,477,1
2022-02-01,1,480,1
2022-02-01,1,600,1
2022-02-01,4,477,1
2022-02-01,4,485,1
2022-02-01,7,223,1
2022-02-01,9,528,1
2022-02-02,7,477,1
2022-02-02,8,232,1
2022-02-02,10,529,1
2022-02-02,10,538,1
2022-02-03,10,480,1
2022-02-04,4,529,1
2022-02-04,8,480,2
2022-02-04,9,560,1
2022-02-05,4,477,1
2022-02-05,4,541,1
2022-02-05,6,214,1
2022-02-05,6,478,1
2022-02-05,6,481,1
2022-02-05,6,535,1
2022-02-05,9,478,1
2022-02-05,9,604,1
2022-02-06,1,223,1
2022-02-06,1,485,1
2022-02-06,4,479,1
2022-02-06,4,528,1
2022-02-06,4,530,1
2022-02-06,4,539,1
2022-02-06,8,535,1
2022-02-06,10,487,1
2022-02-06,10,600,1
2022-02-07,1,582,1
2022-02-07,4,476,1
2022-02-07,4,487,1
2022-02-07,8,539,1
2022-02-07,8,562,1
2022-02-07,9,472,1
2022-02-07,9,528,1
2022-02-07,10,478,1
2022-02-07,10,539,1
2022-02-08,4,215,1
2022-02-08,4,478,1
2022-02-08,6,478,1
2022-02-08,7,215,1
2022-02-08,9,477,1
2022-02-09,7,377,1
2022-02-09,7,477,1
2022-02-09,8,226,1
2022-02-10,1,223,1
2022-02-10,7,481,1
2022-02-11,1,476,1
2022-02-11,6,477,1
2022-02-11,6,478,2
2022-02-11,6,529,1
2022-02-11,7,356,1
2022-02-11,10,539,1
2022-02-12,1,477,1
2022-02-12,4,477,1
2022-02-12,4,480,1
2022-02-12,6,485,1
2022-02-12,7,529,1
2022-02-12,9,480,1
2022-02-12,9,485,1
2022-02-12,10,479,1
2022-02-13,7,529,1
2022-02-13,9,214,1
2022-02-13,9,528,1
2022-02-14,1,229,1
2022-02-14,4,530,1
2022-02-14,6,535,1
2022-02-14,7,362,1
2022-02-14,9,477,1
2022-02-14,10,480,1
2022-02-15,4,223,1
2022-02-15,4,536,1
2022-02-15,4,541,1
2022-02-15,6,477,1
2022-02-15,9,606,1
2022-02-16,8,538,1
2022-02-17,1,214,1
2022-02-17,1,530,1
2022-02-17,1,536,1
2022-02-17,4,214,1
2022-02-17,4,605,2
2022-02-17,6,485,1
2022-02-17,6,490,1
2022-02-17,9,385,1
2022-02-17,9,477,1
2022-02-18,4,220,1
2022-02-18,6,530,1
2022-02-19,4,528,1
2022-02-19,4,529,1
2022-02-19,4,537,1
2022-02-19,7,354,1
2022-02-19,9,583,1
2022-02-20,1,214,1
2022-02-20,1,371,1
2022-02-20,4,573,1
2022-02-20,7,528,1
2022-02-20,8,229,1
2022-02-20,9,477,1
2022-02-20,9,530,1
2022-02-20,10,485,1
2022-02-21,6,477,1
2022-02-21,9,477,1
2022-02-21,9,580,1
2022-02-22,4,223,1
2022-02-22,4,232,1
2022-02-22,8,485,1
2022-02-22,9,479,1
2022-02-22,9,484,1
2022-02-23,4,226,1
2022-02-23,4,462,1
2022-02-23,4,475,1
2022-02-23,9,539,1
2022-02-23,10,475,1
2022-02-23,10,477,1
2022-02-24,1,530,1
2022-02-24,4,220,1
2022-02-24,6,475,1
2022-02-24,7,540,1
2022-02-24,8,478,1
2022-02-24,8,484,1
2022-02-24,8,588,1
2022-02-24,8,599,1
2022-02-24,9,477,2
2022-02-24,9,562,1
2022-02-25,1,466,1
2022-02-25,1,477,1
2022-02-25,1,480,1
2022-02-26,1,537,1
2022-02-26,5,540,1
2022-02-26,6,477,1
2022-02-26,7,480,1
2022-02-27,1,235,1
2022-02-27,1,528,1
2022-02-27,1,538,1
2022-02-27,4,529,1
2022-02-27,6,477,1
2022-02-27,6,528,1
2022-02-27,6,583,1
2022-02-27,9,226,1
2022-02-27,9,478,1
2022-02-28,4,478,1
2022-02-28,6,478,1
2022-02-28,7,536,1
2022-02-28,9,479,1
2022-02-28,9,482,1
2022-02-28,9,539,1
2022-03-01,4,477,2
2022-03-01,4,535,1
2022-03-01,4,595,1
2022-03-01,8,215,1
2022-03-01,8,529,1
2022-03-01,9,220,1
2022-03-01,1,480,1
2022-03-01,6,530,1
2022-03-01,8,582,1
2022-03-01,10,485,1
2022-03-02,1,485,1
2022-03-02,4,528,1
2022-03-02,6,530,1
2022-03-02,9,474,1
2022-03-03,1,215,1
2022-03-03,1,540,1
2022-03-03,4,528,1
2022-03-03,6,462,1
2022-03-03,7,375,1
2022-03-03,10,223,1
2022-03-04,4,479,1
2022-03-04,6,232,1
2022-03-04,6,528,1
2022-03-04,9,528,1
2022-03-04,10,487,1
2022-03-05,4,354,1
2022-03-05,4,477,1
2022-03-05,6,580,1
2022-03-05,9,223,1
2022-03-06,6,220,1
2022-03-06,7,536,1
2022-03-07,1,223,1
2022-03-07,4,491,1
2022-03-07,4,535,1
2022-03-07,4,575,1
2022-03-07,6,476,1
2022-03-07,9,214,1
2022-03-08,1,490,1
2022-03-08,4,538,1
2022-03-08,8,215,1
2022-03-08,9,354,1
2022-03-08,9,605,1
2022-03-08,10,606,1
2022-03-09,1,352,1
2022-03-09,6,472,1
2022-03-09,7,214,1
2022-03-09,7,528,1
2022-03-09,7,537,1
2022-03-09,9,536,1
2022-03-10,6,478,1
2022-03-10,10,528,1
2022-03-11,4,478,1
2022-03-11,4,485,1
2022-03-11,6,214,1
2022-03-11,7,541,1
2022-03-12,1,477,1
2022-03-12,4,232,1
2022-03-12,4,577,1
2022-03-12,8,479,1
2022-03-12,10,360,1
2022-03-13,4,482,1
2022-03-13,7,541,1
2022-03-13,8,480,2
2022-03-13,9,352,1
2022-03-13,9,358,1
2022-03-14,4,232,1
2022-03-14,4,477,1
2022-03-14,6,529,1
2022-03-14,9,530,1
2022-03-14,9,606,1
2022-03-15,6,215,1
2022-03-15,6,480,1
2022-03-16,1,471,1
2022-03-16,4,538,1
2022-03-16,4,571,1
2022-03-16,4,587,1
2022-03-16,9,489,1
2022-03-16,9,537,1
2022-03-17,4,480,1
2022-03-17,4,535,1
2022-03-17,6,214,1
2022-03-17,9,541,1
2022-03-18,1,356,1
2022-03-18,4,529,1
2022-03-18,6,464,1
2022-03-18,7,473,1
2022-03-18,7,477,1
2022-03-18,7,538,1
2022-03-18,9,538,1
2022-03-18,10,479,1
2022-03-19,1,528,1
2022-03-19,4,477,1
2022-03-19,4,478,1
2022-03-19,9,475,1
2022-03-20,1,480,1
2022-03-20,4,490,1
2022-03-20,4,605,1
2022-03-20,7,360,1
2022-03-20,9,466,1
2022-03-20,10,538,1
2022-03-21,1,540,1
2022-03-21,1,604,1
2022-03-21,6,538,1
2022-03-21,7,528,1
2022-03-21,9,220,1
2022-03-21,9,573,1
2022-03-21,10,581,1
2022-03-22,1,478,1
2022-03-22,6,538,1
2022-03-22,9,220,1
2022-03-22,9,480,1
2022-03-22,10,485,1
2022-03-23,4,477,1
2022-03-23,6,487,1
2022-03-23,8,536,1
2022-03-24,9,477,1
2022-03-25,4,530,1
2022-03-25,6,214,1
2022-03-25,6,530,1
2022-03-25,9,477,1
2022-03-25,9,538,1
2022-03-26,1,220,1
2022-03-26,4,483,1
2022-03-26,7,223,1
2022-03-26,8,485,1
2022-03-27,4,479,1
2022-03-27,6,223,1
2022-03-27,6,477,1
2022-03-27,7,472,1
2022-03-27,7,477,1
2022-03-27,7,537,1
2022-03-27,10,214,1
2022-03-28,1,215,1
2022-03-28,4,214,1
2022-03-28,4,537,1
2022-03-28,7,362,1
2022-03-28,9,223,1
2022-03-28,9,473,1
2022-03-28,9,476,1
2022-03-28,10,223,1
2022-03-29,1,220,1
2022-03-29,1,475,1
2022-03-29,1,528,1
2022-03-29,4,475,1
2022-03-29,6,480,1
2022-03-29,7,220,1
2022-03-29,10,214,1
2022-03-29,10,596,1
2022-03-30,1,479,1
2022-03-30,1,566,1
2022-03-30,6,485,1
2022-03-30,6,537,1
2022-03-30,7,529,1
2022-03-31,1,387,1
2022-03-31,4,482,1
2022-03-31,4,528,1
2022-03-31,6,480,1
2022-03-31,7,482,1
2022-04-01,4,215,1
2022-04-01,4,354,1
2022-04-01,4,580,1
2022-04-01,6,229,1
2022-04-01,6,528,1
2022-04-01,8,383,1
2022-04-02,8,220,1
2022-04-02,10,480,1
2022-04-03,4,477,1
2022-04-03,4,491,1
2022-04-03,6,486,1
2022-04-03,9,235,1
2022-04-03,9,536,1
2022-04-03,9,564,1
2022-04-03,10,480,1
2022-04-03,10,535,1
2022-04-04,4,480,1
2022-04-04,4,538,1
2022-04-04,7,561,1
2022-04-04,8,360,1
2022-04-04,8,477,1
2022-04-04,9,477,1
2022-04-05,6,480,1
2022-04-05,7,539,1
2022-04-05,8,539,1
2022-04-06,1,220,1
2022-04-06,1,356,1
2022-04-06,1,477,1
2022-04-06,4,214,1
2022-04-06,4,223,2
2022-04-06,4,574,1
2022-04-06,8,605,1
2022-04-07,8,214,1
2022-04-07,8,480,1
2022-04-07,10,528,1
2022-04-07,10,530,1
2022-04-07,10,577,1
2022-04-08,4,476,1
2022-04-08,4,540,1
2022-04-08,7,215,1
2022-04-08,9,488,1
2022-04-08,10,215,1
2022-04-09,7,220,1
2022-04-09,9,539,1
2022-04-10,4,528,1
2022-04-10,6,220,1
2022-04-10,8,471,1
2022-04-10,8,560,1
2022-04-10,9,484,1
2022-04-10,10,383,1
2022-04-10,10,566,1
2022-04-11,1,537,1
2022-04-11,4,536,1
2022-04-11,4,588,1
2022-04-11,7,479,1
2022-04-11,7,480,1
2022-04-11,9,375,1
2022-04-11,9,484,1
2022-04-11,9,563,1
2022-04-12,4,530,1
2022-04-12,6,576,1
2022-04-12,7,575,1
2022-04-12,9,477,1
2022-04-12,10,478,1
2022-04-12,10,606,1
2022-04-13,1,477,1
2022-04-13,4,478,2
2022-04-13,9,483,1
2022-04-14,4,590,1
2022-04-14,6,480,1
2022-04-14,10,215,1
2022-04-14,10,529,1
2022-04-14,10,590,1
2022-04-15,1,490,1
2022-04-15,7,477,1
2022-04-15,7,488,1
2022-04-15,7,489,1
2022-04-15,9,480,1
2022-04-16,4,479,1
2022-04-16,4,537,1
2022-04-16,4,581,1
2022-04-16,8,529,1
2022-04-17,1,539,1
2022-04-17,8,472,1
2022-04-17,8,605,1
2022-04-17,9,565,1
2022-04-17,9,567,1
2022-04-18,1,383,1
2022-04-18,4,561,1
2022-04-18,7,464,1
2022-04-18,9,479,1
2022-04-18,10,479,1
2022-04-18,10,577,1
2022-04-19,4,214,1
2022-04-19,4,478,1
2022-04-19,6,528,1
2022-04-19,7,486,1
2022-04-19,7,530,1
2022-04-19,10,487,1
2022-04-20,8,583,1
2022-04-20,10,482,1
2022-04-21,4,235,1
2022-04-21,4,477,1
2022-04-21,9,383,1
2022-04-22,4,528,1
2022-04-22,7,541,1
2022-04-22,8,530,1
2022-04-22,8,584,1
2022-04-23,1,484,1
2022-04-23,4,215,1
2022-04-23,4,226,1
2022-04-23,4,480,1
2022-04-23,6,220,1
2022-04-23,6,466,1
2022-04-23,7,529,1
2022-04-23,8,538,1
2022-04-23,9,480,1
2022-04-24,4,220,1
2022-04-24,4,477,1
2022-04-24,7,215,1
2022-04-24,7,352,1
2022-04-24,7,477,1
2022-04-24,9,589,1
2022-04-25,1,485,1
2022-04-25,6,464,1
2022-04-25,7,477,1
2022-04-25,7,484,1
2022-04-25,7,530,1
2022-04-25,9,479,1
2022-04-25,9,538,1
2022-04-25,10,481,1
2022-04-26,1,220,1
2022-04-26,1,480,1
2022-04-26,4,478,1
2022-04-26,4,480,1
2022-04-26,7,480,1
2022-04-26,9,488,1
2022-04-27,1,480,1
2022-04-27,1,529,1
2022-04-27,4,215,1
2022-04-27,4,529,1
2022-04-27,7,215,1
2022-04-27,9,214,1
2022-04-27,9,580,1
2022-04-28,4,358,1
2022-04-28,8,528,1
2022-04-28,9,377,1
2022-04-28,9,535,1
2022-04-28,10,215,1
2022-04-28,10,480,1
2022-04-28,10,528,1
2022-04-29,1,541,1
2022-04-29,4,474,1
2022-04-29,4,490,1
2022-04-29,4,528,1
2022-04-29,10,358,1
2022-04-30,1,480,1
2022-04-30,4,215,1
2022-04-30,4,478,1
2022-04-30,7,489,1
2022-04-30,8,581,1
2022-04-30,9,480,1
2022-05-01,1,485,1
2022-05-01,4,215,1
2022-05-01,4,360,1
2022-05-01,10,479,1
2022-05-02,4,214,1
2022-05-02,4,477,1
2022-05-02,4,528,1
2022-05-02,9,480,1
2022-05-03,9,529,1
2022-05-04,4,606,1
2022-05-04,6,476,1
2022-05-04,7,539,1
2022-05-04,8,538,1
2022-05-04,8,571,1
2022-05-05,1,483,1
2022-05-05,4,480,1
2022-05-05,4,483,1
2022-05-05,8,223,1
2022-05-05,8,541,1
2022-05-05,9,480,1
2022-05-05,9,487,1
2022-05-06,4,215,1
2022-05-06,4,477,1
2022-05-06,6,466,1
2022-05-06,6,485,1
2022-05-06,7,220,1
2022-05-06,7,528,1
2022-05-06,8,528,1
2022-05-06,9,480,1
2022-05-07,4,578,1
2022-05-07,7,538,1
2022-05-07,10,214,1
2022-05-08,4,476,1
2022-05-08,4,537,1
2022-05-08,9,223,1
2022-05-08,9,535,1
2022-05-09,1,484,1
2022-05-09,4,220,1
2022-05-09,6,530,1
2022-05-09,7,362,1
2022-05-09,9,480,1
2022-05-09,9,528,1
2022-05-09,9,537,1
2022-05-10,1,578,1
2022-05-10,4,385,1
2022-05-10,4,480,1
2022-05-10,6,478,1
2022-05-10,6,537,1
2022-05-10,7,215,1
2022-05-11,1,223,1
2022-05-11,1,480,1
2022-05-11,6,536,1
2022-05-11,10,541,1
2022-05-12,4,214,1
2022-05-12,4,229,1
2022-05-12,4,479,1
2022-05-12,4,606,1
2022-05-12,10,360,1
2022-05-12,10,604,1
2022-05-13,7,220,1
2022-05-14,4,485,1
2022-05-14,4,529,1
2022-05-14,6,483,1
2022-05-14,6,485,1
2022-05-14,6,536,1
2022-05-14,7,580,1
2022-05-14,9,477,1
2022-05-15,1,480,1
2022-05-15,1,489,1
2022-05-15,6,214,1
2022-05-15,6,235,1
2022-05-15,6,485,1
2022-05-15,9,214,1
2022-05-16,1,569,1
2022-05-16,6,480,1
2022-05-16,6,537,1
2022-05-16,8,466,1
2022-05-16,9,214,1
2022-05-16,9,487,1
2022-05-16,9,488,1
2022-05-17,1,478,1
2022-05-17,6,477,1
2022-05-17,7,220,1
2022-05-17,7,568,1
2022-05-17,10,214,1
2022-05-18,9,536,1
2022-05-19,1,480,1
2022-05-19,4,223,1
2022-05-19,9,214,1
2022-05-19,9,389,1
2022-05-20,1,471,1
2022-05-20,4,573,1
2022-05-20,4,582,1
2022-05-20,6,226,1
2022-05-20,7,576,1
2022-05-21,1,358,1
2022-05-21,1,535,1
2022-05-21,4,226,1
2022-05-21,4,537,1
2022-05-21,6,214,1
2022-05-21,9,487,1
2022-05-22,4,214,1
2022-05-22,4,478,1
2022-05-22,4,487,1
2022-05-22,9,215,1
2022-05-23,1,354,1
2022-05-23,1,606,1
2022-05-23,4,574,1
2022-05-23,4,577,1
2022-05-23,7,572,1
2022-05-24,1,462,1
2022-05-24,6,362,1
2022-05-24,6,528,1
2022-05-24,7,573,1
2022-05-24,8,536,1
2022-05-24,9,562,1
2022-05-24,9,579,1
2022-05-25,1,474,1
2022-05-25,7,466,1
2022-05-25,8,215,1
2022-05-25,9,223,1
2022-05-25,9,488,1
2022-05-25,10,564,1
2022-05-26,1,528,1
2022-05-26,6,528,1
2022-05-26,7,478,1
2022-05-26,8,539,1
2022-05-26,9,479,1
2022-05-26,10,220,1
2022-05-26,10,235,1
2022-05-26,10,530,1
2022-05-27,1,214,1
2022-05-27,1,528,1
2022-05-27,4,538,1
2022-05-27,8,229,1
2022-05-28,4,226,1
2022-05-28,4,477,1
2022-05-28,7,371,1
2022-05-28,7,540,1
2022-05-28,9,220,1
2022-05-28,9,482,1
2022-05-28,10,529,1
2022-05-29,1,362,1
2022-05-29,8,214,1
2022-05-29,9,214,1
2022-05-29,9,220,1
2022-05-29,9,379,1
2022-05-29,9,462,1
2022-05-29,9,478,1
2022-05-29,10,485,1
2022-05-30,1,479,1
2022-05-30,1,529,1
2022-05-30,1,538,1
2022-05-30,4,478,1
2022-05-30,4,480,1
2022-05-30,4,605,1
2022-05-30,9,220,1
2022-05-30,9,480,1
2022-05-30,9,537,1
2022-05-30,9,582,1
2022-05-30,10,530,1
2022-05-31,1,528,1
2022-05-31,6,360,1
2022-05-31,6,535,1
2022-05-31,6,536,1
2022-05-31,7,568,1
2022-05-31,9,484,1
2022-05-31,9,584,1
2022-05-31,10,477,1
2022-06-01,6,582,1
2022-06-01,8,358,1
2022-06-01,8,578,1
2022-06-02,1,481,1
2022-06-02,6,477,1
2022-06-03,1,538,1
2022-06-03,7,477,1
2022-06-03,7,538,1
2022-06-03,9,478,1
2022-06-03,9,479,1
2022-06-03,9,488,1
2022-06-03,10,537,1
2022-06-04,6,466,1
2022-06-05,1,220,1
2022-06-05,1,477,1
2022-06-05,7,214,1
2022-06-06,6,476,1
2022-06-06,6,485,1
2022-06-06,7,223,1
2022-06-06,8,530,1
2022-06-06,9,360,1
2022-06-06,10,536,1
2022-06-07,1,462,1
2022-06-07,1,539,1
2022-06-07,1,574,1
2022-06-07,4,352,1
2022-06-07,4,464,1
2022-06-07,4,478,1
2022-06-07,4,485,1
2022-06-07,6,235,1
2022-06-07,9,352,1
2022-06-07,9,464,1
2022-06-07,9,537,1
2022-06-07,9,538,1
2022-06-08,1,356,1
2022-06-08,1,537,1
2022-06-08,4,360,1
2022-06-08,8,563,1
2022-06-08,8,605,1
2022-06-08,9,477,1
2022-06-08,9,485,1
2022-06-09,1,478,1
2022-06-09,1,535,1
2022-06-09,6,528,1
2022-06-09,7,528,1
2022-06-09,9,387,1
2022-06-09,9,471,1
2022-06-10,1,466,1
2022-06-10,1,477,1
2022-06-10,1,581,1
2022-06-10,4,477,1
2022-06-11,4,479,1
2022-06-11,6,223,1
2022-06-11,7,485,1
2022-06-11,9,485,1
2022-06-11,9,529,1
2022-06-11,9,584,1
2022-06-12,4,478,1
2022-06-12,9,214,1
2022-06-12,9,529,1
2022-06-12,9,537,1
2022-06-12,10,477,1
2022-06-13,4,220,1
2022-06-13,8,476,1
2022-06-13,8,581,1
2022-06-13,9,214,1
2022-06-13,9,215,1
2022-06-14,1,537,1
2022-06-14,4,462,1
2022-06-14,6,229,1
2022-06-14,7,528,1
2022-06-14,9,491,1
2022-06-14,10,214,1
2022-06-14,10,477,1
2022-06-15,1,223,1
2022-06-15,6,220,1
2022-06-15,6,529,1
2022-06-15,7,475,1
2022-06-15,7,477,1
2022-06-15,8,485,1
2022-06-15,9,480,1
2022-06-15,10,478,1
2022-06-16,7,490,1
2022-06-16,7,535,1
2022-06-16,8,480,1
2022-06-16,9,479,1
2022-06-16,10,466,1
2022-06-17,1,354,1
2022-06-17,1,481,1
2022-06-17,9,489,1
2022-06-17,9,528,1
2022-06-17,9,535,1
2022-06-17,10,352,1
2022-06-17,10,597,1
2022-06-18,10,535,1
2022-06-19,1,356,1
2022-06-19,7,462,1
2022-06-19,9,487,1
2022-06-19,10,563,1
2022-06-20,1,528,1
2022-06-20,4,479,1
2022-06-20,8,586,1
2022-06-20,9,362,1
2022-06-21,7,220,1
2022-06-21,7,593,1
2022-06-21,8,482,1
2022-06-21,8,536,1
2022-06-21,9,462,1
2022-06-21,9,477,1
2022-06-21,10,220,1
2022-06-21,10,477,1
2022-06-22,1,232,1
2022-06-22,1,485,1
2022-06-22,4,529,1
2022-06-22,6,220,1
2022-06-22,6,476,1
2022-06-22,6,488,1
2022-06-22,7,540,1
2022-06-22,9,477,1
2022-06-22,9,584,1
2022-06-23,6,528,1
2022-06-23,9,539,1
2022-06-23,9,562,1
2022-06-23,9,563,1
2022-06-24,1,479,1
2022-06-24,1,480,1
2022-06-24,1,485,1
2022-06-24,1,487,1
2022-06-24,9,474,1
2022-06-24,10,581,1
2022-06-25,6,223,1
2022-06-25,7,223,1
2022-06-25,7,477,1
2022-06-25,7,529,1
2022-06-25,9,477,1
2022-06-25,9,478,1
2022-06-25,9,484,1
2022-06-25,9,539,1
2022-06-26,1,472,1
2022-06-26,6,477,1
2022-06-26,7,529,1
2022-06-26,9,538,1
2022-06-27,4,478,1
2022-06-27,4,537,1
2022-06-27,10,220,1
2022-06-28,1,214,1
2022-06-28,1,480,1
2022-06-28,1,587,1
2022-06-28,4,387,1
2022-06-28,4,528,2
2022-06-28,7,575,1
2022-06-28,7,591,1
2022-06-28,8,381,1
2022-06-28,10,477,1
2022-06-28,10,487,1
2022-06-29,4,356,1
2022-06-29,4,587,1
2022-06-29,7,477,1
2022-06-29,7,479,1
2022-06-29,8,541,1
2022-06-29,9,477,1
2022-06-30,6,491,1
2022-06-30,8,477,1
2022-06-30,9,477,1
2022-06-30,10,223,1
2022-06-30,10,477,1
